cell,coverage_tokens,event,gateway_arrival_time,gateway_send_time,generation_time,op,owner,payload_bytes,policy,prefix_digest64,queue_age_s,selected,semantic_score,stage,suppression_reason,update_id
48037,1024,update,1785057831.7441554,,1785057831.7438629,upsert,0,64,Adaptive,15769623694692820738,0.0002925395965576172,True,,enqueued,,0
48037,1024,update,1785057831.7444081,1785057831.7444081,1785057831.7438629,upsert,0,64,Adaptive,15769623694692820738,0.0005452632904052734,True,,forwarded,,0
48037,1024,update,1785057831.7444816,,1785057831.7439566,upsert,1,64,Adaptive,15769623694692820738,0.0005249977111816406,True,,enqueued,,1
48037,1024,update,1785057831.744541,,1785057831.7440197,upsert,2,64,Adaptive,15769623694692820738,0.0005211830139160156,False,,suppressed,duplicate_holder,2
48037,1024,update,1785057831.7445822,,1785057831.7440639,upsert,3,64,Adaptive,15769623694692820738,0.0005183219909667969,False,,suppressed,duplicate_holder,3
48037,1024,update,1785057831.7446485,1785057831.7446485,1785057831.7439566,upsert,1,64,Adaptive,15769623694692820738,0.0006918907165527344,True,,forwarded,,1
48037,2048,update,1785057835.7133842,,1785057835.7128956,upsert,0,64,Adaptive,12613465747135452669,0.0004885196685791016,True,,enqueued,,4
48037,2048,update,1785057835.7138603,1785057835.7138603,1785057835.7128956,upsert,0,64,Adaptive,12613465747135452669,0.0009646415710449219,True,,forwarded,,4
48037,2048,update,1785057835.7139392,,1785057835.7130752,upsert,3,64,Adaptive,12613465747135452669,0.0008640289306640625,True,,enqueued,,7
48037,2048,update,1785057835.7140148,,1785057835.713038,upsert,2,64,Adaptive,12613465747135452669,0.0009768009185791016,False,,suppressed,duplicate_holder,6
48037,2048,update,1785057835.714069,,1785057835.7129912,upsert,1,64,Adaptive,12613465747135452669,0.0010776519775390625,False,,suppressed,duplicate_holder,5
48037,2048,update,1785057835.7141411,1785057835.7141411,1785057835.7130752,upsert,3,64,Adaptive,12613465747135452669,0.001065969467163086,True,,forwarded,,7
48037,1024,update,1785057837.0775013,,1785057837.0770078,upsert,0,64,Adaptive,12523743054995375112,0.0004935264587402344,True,,enqueued,,8
48037,1024,update,1785057837.078061,1785057837.078061,1785057837.0770078,upsert,0,64,Adaptive,12523743054995375112,0.0010533332824707031,True,,forwarded,,8
48037,1024,update,1785057837.0782285,,1785057837.077194,upsert,3,64,Adaptive,12523743054995375112,0.0010344982147216797,True,,enqueued,,11
48037,1024,update,1785057837.078394,,1785057837.077156,upsert,2,64,Adaptive,12523743054995375112,0.0012378692626953125,False,,suppressed,duplicate_holder,10
48037,1024,update,1785057837.0785215,,1785057837.077108,upsert,1,64,Adaptive,12523743054995375112,0.001413583755493164,False,,suppressed,duplicate_holder,9
48037,1024,update,1785057837.0786955,1785057837.0786955,1785057837.077194,upsert,3,64,Adaptive,12523743054995375112,0.0015015602111816406,True,,forwarded,,11
48037,2048,update,1785057841.247898,,1785057841.2474353,upsert,0,64,Adaptive,9971321710674973507,0.0004627704620361328,True,,enqueued,,12
48037,2048,update,1785057841.2484047,1785057841.2484047,1785057841.2474353,upsert,0,64,Adaptive,9971321710674973507,0.0009694099426269531,True,,forwarded,,12
48037,2048,update,1785057841.2485666,,1785057841.2475328,upsert,1,64,Adaptive,9971321710674973507,0.001033782958984375,True,,enqueued,,13
48037,2048,update,1785057841.248727,,1785057841.2475777,upsert,2,64,Adaptive,9971321710674973507,0.0011494159698486328,False,,suppressed,duplicate_holder,14
48037,2048,update,1785057841.2488706,,1785057841.247617,upsert,3,64,Adaptive,9971321710674973507,0.0012536048889160156,False,,suppressed,duplicate_holder,15
48037,2048,update,1785057841.249047,1785057841.249047,1785057841.2475328,upsert,1,64,Adaptive,9971321710674973507,0.0015141963958740234,True,,forwarded,,13
48037,1024,update,1785057842.6197457,,1785057842.6193662,upsert,0,64,Adaptive,4650049274038987083,0.0003795623779296875,True,,enqueued,,16
48037,1024,update,1785057842.6200387,1785057842.6200387,1785057842.6193662,upsert,0,64,Adaptive,4650049274038987083,0.0006725788116455078,True,,forwarded,,16
48037,1024,update,1785057842.620109,,1785057842.619547,upsert,3,64,Adaptive,4650049274038987083,0.0005621910095214844,True,,enqueued,,19
48037,1024,update,1785057842.620173,,1785057842.6195083,upsert,2,64,Adaptive,4650049274038987083,0.0006647109985351562,False,,suppressed,duplicate_holder,18
48037,1024,update,1785057842.620218,,1785057842.6194608,upsert,1,64,Adaptive,4650049274038987083,0.0007572174072265625,False,,suppressed,duplicate_holder,17
48037,1024,update,1785057842.620277,1785057842.620277,1785057842.619547,upsert,3,64,Adaptive,4650049274038987083,0.0007300376892089844,True,,forwarded,,19
48037,2048,update,1785057846.773087,,1785057846.7725813,upsert,0,64,Adaptive,3163096543987652428,0.0005056858062744141,True,,enqueued,,20
48037,2048,update,1785057846.7736216,1785057846.7736216,1785057846.7725813,upsert,0,64,Adaptive,3163096543987652428,0.0010402202606201172,True,,forwarded,,20
48037,2048,update,1785057846.77382,,1785057846.7726827,upsert,3,64,Adaptive,3163096543987652428,0.0011372566223144531,True,,enqueued,,23
48037,2048,update,1785057846.7740061,,1785057846.7726612,upsert,2,64,Adaptive,3163096543987652428,0.001344919204711914,False,,suppressed,duplicate_holder,22
48037,2048,update,1785057846.7741332,,1785057846.7726371,upsert,1,64,Adaptive,3163096543987652428,0.0014960765838623047,False,,suppressed,duplicate_holder,21
48037,2048,update,1785057846.7743318,1785057846.7743318,1785057846.7726827,upsert,3,64,Adaptive,3163096543987652428,0.0016491413116455078,True,,forwarded,,23
48037,1024,update,1785057848.0989885,,1785057848.0985162,upsert,0,64,Adaptive,10402019323283478844,0.0004723072052001953,True,,enqueued,,24
48037,1024,update,1785057848.0994508,1785057848.0994508,1785057848.0985162,upsert,0,64,Adaptive,10402019323283478844,0.000934600830078125,True,,forwarded,,24
48037,1024,update,1785057848.099603,,1785057848.098704,upsert,3,64,Adaptive,10402019323283478844,0.0008988380432128906,True,,enqueued,,27
48037,1024,update,1785057848.099737,,1785057848.0986185,upsert,1,64,Adaptive,10402019323283478844,0.0011184215545654297,False,,suppressed,duplicate_holder,25
48037,1024,update,1785057848.0998566,,1785057848.0986655,upsert,2,64,Adaptive,10402019323283478844,0.0011911392211914062,False,,suppressed,duplicate_holder,26
48037,1024,update,1785057848.100002,1785057848.100002,1785057848.098704,upsert,3,64,Adaptive,10402019323283478844,0.0012979507446289062,True,,forwarded,,27
48037,1024,update,1785057849.4738522,,1785057849.4733381,upsert,0,64,Adaptive,14064140743279553366,0.0005140304565429688,True,,enqueued,,28
48037,1024,update,1785057849.4743297,1785057849.4743297,1785057849.4733381,upsert,0,64,Adaptive,14064140743279553366,0.0009915828704833984,True,,forwarded,,28
48037,1024,update,1785057849.4744816,,1785057849.473516,upsert,3,64,Adaptive,14064140743279553366,0.0009655952453613281,True,,enqueued,,31
48037,1024,update,1785057849.4746156,,1785057849.47348,upsert,2,64,Adaptive,14064140743279553366,0.0011355876922607422,False,,suppressed,duplicate_holder,30
48037,1024,update,1785057849.474716,,1785057849.4734347,upsert,1,64,Adaptive,14064140743279553366,0.0012812614440917969,False,,suppressed,duplicate_holder,29
48037,1024,update,1785057849.4748716,1785057849.4748716,1785057849.473516,upsert,3,64,Adaptive,14064140743279553366,0.0013556480407714844,True,,forwarded,,31
48037,2048,update,1785057853.4424489,,1785057853.4419482,upsert,0,64,Adaptive,12376960631178457983,0.0005006790161132812,True,,enqueued,,32
48037,2048,update,1785057853.442985,1785057853.442985,1785057853.4419482,upsert,0,64,Adaptive,12376960631178457983,0.0010368824005126953,True,,forwarded,,32
48037,2048,update,1785057853.4431458,,1785057853.4421313,upsert,3,64,Adaptive,12376960631178457983,0.0010144710540771484,True,,enqueued,,35
48037,2048,update,1785057853.443282,,1785057853.4420457,upsert,1,64,Adaptive,12376960631178457983,0.0012362003326416016,False,,suppressed,duplicate_holder,33
48037,2048,update,1785057853.4433837,,1785057853.4420938,upsert,2,64,Adaptive,12376960631178457983,0.0012898445129394531,False,,suppressed,duplicate_holder,34
48037,2048,update,1785057853.4435246,1785057853.4435246,1785057853.4421313,upsert,3,64,Adaptive,12376960631178457983,0.0013933181762695312,True,,forwarded,,35
48037,4096,update,1785057866.4509244,,1785057866.450453,upsert,0,64,Adaptive,947483498426156190,0.00047135353088378906,True,,enqueued,,36
48037,4096,update,1785057866.4513853,1785057866.4513853,1785057866.450453,upsert,0,64,Adaptive,947483498426156190,0.0009322166442871094,True,,forwarded,,36
48037,4096,update,1785057866.4515364,,1785057866.4506443,upsert,3,64,Adaptive,947483498426156190,0.0008921623229980469,True,,enqueued,,39
48037,4096,update,1785057866.45167,,1785057866.450606,upsert,2,64,Adaptive,947483498426156190,0.0010638236999511719,False,,suppressed,duplicate_holder,38
48037,4096,update,1785057866.451787,,1785057866.4505558,upsert,1,64,Adaptive,947483498426156190,0.0012311935424804688,False,,suppressed,duplicate_holder,37
48037,4096,update,1785057866.451939,1785057866.451939,1785057866.4506443,upsert,3,64,Adaptive,947483498426156190,0.001294851303100586,True,,forwarded,,39
48037,1024,update,1785057867.8160312,,1785057867.8156033,upsert,0,64,Adaptive,3073007241776570211,0.0004279613494873047,True,,enqueued,,40
48037,1024,update,1785057867.8164616,1785057867.8164616,1785057867.8156033,upsert,0,64,Adaptive,3073007241776570211,0.000858306884765625,True,,forwarded,,40
48037,1024,update,1785057867.8166075,,1785057867.8157961,upsert,3,64,Adaptive,3073007241776570211,0.0008113384246826172,True,,enqueued,,43
48037,1024,update,1785057867.8167357,,1785057867.8157463,upsert,2,64,Adaptive,3073007241776570211,0.0009894371032714844,False,,suppressed,duplicate_holder,42
48037,1024,update,1785057867.8168542,,1785057867.8157003,upsert,1,64,Adaptive,3073007241776570211,0.0011539459228515625,False,,suppressed,duplicate_holder,41
48037,1024,update,1785057867.8170352,1785057867.8170352,1785057867.8157961,upsert,3,64,Adaptive,3073007241776570211,0.0012390613555908203,True,,forwarded,,43
48037,4096,update,1785057881.1088257,,1785057881.1083856,upsert,0,64,Adaptive,14108233664250482536,0.0004401206970214844,True,,enqueued,,44
48037,4096,update,1785057881.1093128,1785057881.1093128,1785057881.1083856,upsert,0,64,Adaptive,14108233664250482536,0.0009272098541259766,True,,forwarded,,44
48037,4096,update,1785057881.1094658,,1785057881.1084838,upsert,3,64,Adaptive,14108233664250482536,0.000982046127319336,True,,enqueued,,47
48037,4096,update,1785057881.1096003,,1785057881.1084633,upsert,2,64,Adaptive,14108233664250482536,0.0011370182037353516,False,,suppressed,duplicate_holder,46
48037,4096,update,1785057881.1097004,,1785057881.108442,upsert,1,64,Adaptive,14108233664250482536,0.0012583732604980469,False,,suppressed,duplicate_holder,45
48037,4096,update,1785057881.1098557,1785057881.1098557,1785057881.1084838,upsert,3,64,Adaptive,14108233664250482536,0.0013718605041503906,True,,forwarded,,47
48037,1024,update,1785057882.4627144,,1785057882.4623868,upsert,0,64,Adaptive,14774026810505956694,0.0003275871276855469,True,,enqueued,,48
48037,1024,update,1785057882.4631436,1785057882.4631436,1785057882.4623868,upsert,0,64,Adaptive,14774026810505956694,0.0007567405700683594,True,,forwarded,,48
48037,1024,update,1785057882.4632924,,1785057882.4624796,upsert,1,64,Adaptive,14774026810505956694,0.0008127689361572266,True,,enqueued,,49
48037,1024,update,1785057882.463425,,1785057882.4625223,upsert,2,64,Adaptive,14774026810505956694,0.0009026527404785156,False,,suppressed,duplicate_holder,50
48037,1024,update,1785057882.463523,,1785057882.4625604,upsert,3,64,Adaptive,14774026810505956694,0.0009624958038330078,False,,suppressed,duplicate_holder,51
48037,1024,update,1785057882.463665,1785057882.463665,1785057882.4624796,upsert,1,64,Adaptive,14774026810505956694,0.0011854171752929688,True,,forwarded,,49
48037,1024,update,1785057883.8101099,,1785057883.8097324,upsert,0,64,Adaptive,5281956220402968541,0.00037741661071777344,True,,enqueued,,52
48037,1024,update,1785057883.810555,1785057883.810555,1785057883.8097324,upsert,0,64,Adaptive,5281956220402968541,0.0008225440979003906,True,,forwarded,,52
48037,1024,update,1785057883.810705,,1785057883.8098457,upsert,1,64,Adaptive,5281956220402968541,0.0008592605590820312,True,,enqueued,,53
48037,1024,update,1785057883.8108757,,1785057883.809893,upsert,2,64,Adaptive,5281956220402968541,0.0009827613830566406,False,,suppressed,duplicate_holder,54
48037,1024,update,1785057883.810979,,1785057883.809931,upsert,3,64,Adaptive,5281956220402968541,0.0010478496551513672,False,,suppressed,duplicate_holder,55
48037,1024,update,1785057883.811124,1785057883.811124,1785057883.8098457,upsert,1,64,Adaptive,5281956220402968541,0.0012784004211425781,True,,forwarded,,53
48037,2048,update,1785057887.7158806,,1785057887.715518,upsert,0,64,Adaptive,1785562587857272681,0.00036263465881347656,True,,enqueued,,56
48037,2048,update,1785057887.7163193,1785057887.7163193,1785057887.715518,upsert,0,64,Adaptive,1785562587857272681,0.0008013248443603516,True,,forwarded,,56
48037,2048,update,1785057887.7164671,,1785057887.7156205,upsert,1,64,Adaptive,1785562587857272681,0.0008466243743896484,True,,enqueued,,57
48037,2048,update,1785057887.7165997,,1785057887.7156692,upsert,2,64,Adaptive,1785562587857272681,0.0009305477142333984,False,,suppressed,duplicate_holder,58
48037,2048,update,1785057887.716698,,1785057887.7157083,upsert,3,64,Adaptive,1785562587857272681,0.000989675521850586,False,,suppressed,duplicate_holder,59
48037,2048,update,1785057887.7168572,1785057887.7168572,1785057887.7156205,upsert,1,64,Adaptive,1785562587857272681,0.0012366771697998047,True,,forwarded,,57
48037,2048,update,1785057891.495641,,1785057891.4952276,upsert,0,64,Adaptive,1610475058989402671,0.0004134178161621094,True,,enqueued,,60
48037,2048,update,1785057891.496113,1785057891.496113,1785057891.4952276,upsert,0,64,Adaptive,1610475058989402671,0.0008854866027832031,True,,forwarded,,60
48037,2048,update,1785057891.4962611,,1785057891.495323,upsert,1,64,Adaptive,1610475058989402671,0.0009381771087646484,True,,enqueued,,61
48037,2048,update,1785057891.4963927,,1785057891.495367,upsert,2,64,Adaptive,1610475058989402671,0.0010256767272949219,False,,suppressed,duplicate_holder,62
48037,2048,update,1785057891.4964914,,1785057891.4954038,upsert,3,64,Adaptive,1610475058989402671,0.0010876655578613281,False,,suppressed,duplicate_holder,63
48037,2048,update,1785057891.4966025,1785057891.4966025,1785057891.495323,upsert,1,64,Adaptive,1610475058989402671,0.001279592514038086,True,,forwarded,,61
48037,2048,update,1785057892.73273,,1785057892.7323184,upsert,0,64,Adaptive,12613465747135452669,0.0004115104675292969,True,,enqueued,,64
48037,2048,update,1785057892.7331724,1785057892.7331724,1785057892.7323184,upsert,0,64,Adaptive,12613465747135452669,0.0008540153503417969,True,,forwarded,,64
48037,1024,update,1785057892.733315,,1785057892.7324185,upsert,1,64,Adaptive,15769623694692820738,0.000896453857421875,True,,enqueued,,65
48037,1024,update,1785057892.733443,,1785057892.7324677,upsert,2,64,Adaptive,3644968828599158073,0.0009753704071044922,True,,enqueued,,66
48037,1024,update,1785057892.733558,,1785057892.7325134,upsert,3,64,Adaptive,4650049274038987083,0.0010445117950439453,True,,enqueued,,67
48037,1024,update,1785057892.7336848,1785057892.7336848,1785057892.7324185,upsert,1,64,Adaptive,15769623694692820738,0.0012662410736083984,True,,forwarded,,65
48037,1024,update,1785057893.87269,,1785057893.872294,upsert,3,64,Adaptive,12523743054995375112,0.0003960132598876953,True,,enqueued,,68
48037,2048,update,1785057893.8730822,,1785057893.8724782,upsert,1,64,Adaptive,9971321710674973507,0.0006039142608642578,True,,enqueued,,71
48037,1024,update,1785057893.8732624,,1785057893.872393,upsert,0,64,Adaptive,15769623694692820738,0.0008695125579833984,True,,enqueued,,69
48037,2048,update,1785057893.8734138,,1785057893.8724413,upsert,0,64,Adaptive,12613465747135452669,0.0009725093841552734,True,,enqueued,,70
48037,1024,update,1785057901.5990767,,1785057892.7324677,upsert,2,64,Adaptive,3644968828599158073,8.8666090965271,False,,suppressed,low_utility,66
48037,1024,update,1785057901.5992277,,1785057892.7325134,upsert,3,64,Adaptive,4650049274038987083,8.866714239120483,False,,suppressed,low_utility,67
48037,1024,update,1785057901.5993347,,1785057893.872294,upsert,3,64,Adaptive,12523743054995375112,7.727040767669678,False,,suppressed,low_utility,68
48037,2048,update,1785057901.5994549,1785057901.5994549,1785057893.8724782,upsert,1,64,Adaptive,9971321710674973507,7.726976633071899,True,,forwarded,,71
48037,1024,update,1785057904.425099,,1785057893.872393,upsert,0,64,Adaptive,15769623694692820738,10.552706003189087,False,,suppressed,low_utility,69
48037,2048,update,1785057904.4252744,1785057904.4252744,1785057893.8724413,upsert,0,64,Adaptive,12613465747135452669,10.552833080291748,True,,forwarded,,70
48037,2048,update,1785057905.9065876,,1785057905.9061043,upsert,3,64,Adaptive,13378001954599623759,0.0004832744598388672,True,,enqueued,,72
48037,2048,update,1785057905.9070911,,1785057905.9063022,upsert,0,64,Adaptive,3163096543987652428,0.0007889270782470703,True,,enqueued,,75
48037,1024,update,1785057905.9072661,,1785057905.9062595,upsert,2,64,Adaptive,16342886595574764735,0.0010066032409667969,False,,suppressed,low_utility,74
48037,4096,update,1785057905.9074068,,1785057905.9062128,upsert,1,64,Adaptive,9417075026054648240,0.001194000244140625,True,,enqueued,,73
48037,2048,update,1785057907.4930444,,1785057907.4925613,upsert,0,64,Adaptive,12376960631178457983,0.0004830360412597656,True,,enqueued,,76
48037,2048,update,1785057907.4932637,,1785057907.492745,upsert,0,64,Adaptive,1785562587857272681,0.000518798828125,True,,enqueued,,79
48037,2048,update,1785057907.4934134,,1785057905.9061043,upsert,3,64,Adaptive,13378001954599623759,1.5873091220855713,False,,suppressed,low_utility,72
48037,1024,update,1785057907.4936874,,1785057907.4926574,upsert,1,64,Adaptive,15769623694692820738,0.00102996826171875,False,,suppressed,low_utility,77
48037,1024,update,1785057907.4938128,,1785057907.4927056,upsert,1,64,Adaptive,5281956220402968541,0.0011072158813476562,False,,suppressed,low_utility,78
48037,2048,update,1785057914.2944539,1785057914.2944539,1785057905.9063022,upsert,0,64,Adaptive,3163096543987652428,8.3881516456604,True,,forwarded,,75
48037,4096,update,1785057914.2946227,1785057914.2946227,1785057905.9062128,upsert,1,64,Adaptive,9417075026054648240,8.388409852981567,True,,forwarded,,73
48037,2048,update,1785057920.1421163,,1785057907.4925613,upsert,0,64,Adaptive,12376960631178457983,12.649554967880249,False,,suppressed,low_utility,76
48037,2048,update,1785057920.1422687,,1785057907.492745,upsert,0,64,Adaptive,1785562587857272681,12.649523735046387,False,,suppressed,low_utility,79
48037,4096,update,1785057920.545587,,1785057920.5452075,upsert,0,64,Adaptive,155989354309277790,0.0003795623779296875,True,,enqueued,,80
48037,2048,update,1785057920.5457513,,1785057920.5453055,upsert,0,64,Adaptive,12613465747135452669,0.0004458427429199219,True,,enqueued,,82
48037,4096,update,1785057920.54602,1785057920.54602,1785057920.5452075,upsert,0,64,Adaptive,155989354309277790,0.000812530517578125,True,,forwarded,,80
48037,1024,update,1785057920.546124,,1785057920.5453253,upsert,1,64,Adaptive,15769623694692820738,0.0007987022399902344,False,,suppressed,low_utility,83
48037,1024,update,1785057920.5462027,,1785057920.5452752,upsert,3,64,Adaptive,3073007241776570211,0.0009274482727050781,False,,suppressed,low_utility,81
48037,2048,update,1785057921.946826,1785057921.946826,1785057920.5453055,upsert,0,64,Adaptive,12613465747135452669,1.4015204906463623,True,,forwarded,,82
48037,4096,update,1785057932.6593535,,1785057932.658905,upsert,3,64,Adaptive,9940797030998834804,0.00044846534729003906,True,,enqueued,,84
48037,4096,update,1785057932.6598313,1785057932.6598313,1785057932.658905,upsert,3,64,Adaptive,9940797030998834804,0.0009262561798095703,True,,forwarded,,84
48037,1024,update,1785057932.6599958,,1785057932.6590104,upsert,0,64,Adaptive,14064140743279553366,0.0009853839874267578,False,,suppressed,low_utility,85
48037,1024,update,1785057932.660092,,1785057932.6591008,upsert,0,64,Adaptive,5281956220402968541,0.0009913444519042969,False,,suppressed,low_utility,87
48037,1024,update,1785057932.6601827,,1785057932.6590598,upsert,1,64,Adaptive,1187225797315579929,0.0011229515075683594,False,,suppressed,low_utility,86
48037,2048,update,1785057936.2595568,,1785057936.2591326,upsert,1,64,Adaptive,9971321710674973507,0.0004241466522216797,True,,enqueued,,88
48037,2048,update,1785057936.2599049,1785057936.2599049,1785057936.2591326,upsert,1,64,Adaptive,9971321710674973507,0.0007722377777099609,True,,forwarded,,88
48037,2048,update,1785057936.2601664,,1785057936.2594557,upsert,0,64,Adaptive,12613465747135452669,0.0007107257843017578,True,,enqueued,,89
48037,2048,update,1785057936.2604928,1785057936.2604928,1785057936.2594557,upsert,0,64,Adaptive,12613465747135452669,0.0010371208190917969,True,,forwarded,,89
48037,1024,update,1785057936.2606258,,1785057936.2596903,upsert,3,64,Adaptive,12523743054995375112,0.0009355545043945312,False,,suppressed,low_utility,90
48037,2048,update,1785057936.260729,,1785057936.2598548,upsert,2,64,Adaptive,6602759660674530941,0.0008742809295654297,True,,enqueued,,91
48037,2048,update,1785057936.2609088,1785057936.2609088,1785057936.2598548,upsert,2,64,Adaptive,6602759660674530941,0.0010540485382080078,True,,forwarded,,91
48037,2048,update,1785057939.8962328,,1785057939.8958447,upsert,0,64,Adaptive,12613465747135452669,0.00038814544677734375,True,,enqueued,,92
48037,2048,update,1785057939.8965166,1785057939.8965166,1785057939.8958447,upsert,0,64,Adaptive,12613465747135452669,0.0006718635559082031,True,,forwarded,,92
48037,1024,update,1785057939.896763,,1785057939.8961744,upsert,3,64,Adaptive,14064140743279553366,0.0005886554718017578,False,,suppressed,low_utility,93
48037,2048,update,1785057939.8970392,,1785057939.896345,upsert,1,64,Adaptive,1610475058989402671,0.00069427490234375,True,,enqueued,,94
48037,2048,update,1785057939.8971791,,1785057939.8965576,upsert,2,64,Adaptive,12053636556397929515,0.0006215572357177734,True,,enqueued,,95
48037,2048,update,1785057939.897352,1785057939.897352,1785057939.896345,upsert,1,64,Adaptive,1610475058989402671,0.001007080078125,True,,forwarded,,94
48037,2048,update,1785057939.8974702,1785057939.8974702,1785057939.8965576,upsert,2,64,Adaptive,12053636556397929515,0.0009126663208007812,True,,forwarded,,95
48037,2048,update,1785057951.6773918,,1785057951.6768725,upsert,0,64,Adaptive,9971321710674973507,0.0005192756652832031,True,,enqueued,,96
48037,2048,update,1785057951.677859,1785057951.677859,1785057951.6768725,upsert,0,64,Adaptive,9971321710674973507,0.0009865760803222656,True,,forwarded,,96
48037,4096,update,1785057951.6780288,,1785057951.6771963,upsert,1,64,Adaptive,5024925722186451635,0.0008325576782226562,True,,enqueued,,97
48037,4096,update,1785057951.67832,1785057951.67832,1785057951.6771963,upsert,1,64,Adaptive,5024925722186451635,0.001123666763305664,True,,forwarded,,97
48037,1024,update,1785057951.6784527,,1785057951.677566,upsert,2,64,Adaptive,13063325218966850298,0.0008866786956787109,False,,suppressed,low_utility,98
48037,1024,update,1785057951.6786373,,1785057951.6777146,upsert,3,64,Adaptive,14361523986587977395,0.0009226799011230469,False,,suppressed,low_utility,99
48037,4096,update,1785057964.2494242,,1785057964.2489514,upsert,0,64,Adaptive,4141618429024808821,0.00047278404235839844,True,,enqueued,,100
48037,4096,update,1785057964.2499487,1785057964.2499487,1785057964.2489514,upsert,0,64,Adaptive,4141618429024808821,0.000997304916381836,True,,forwarded,,100
48037,2048,update,1785057964.2501132,,1785057964.2492583,upsert,0,64,Adaptive,12613465747135452669,0.0008549690246582031,True,,enqueued,,102
48037,1024,update,1785057964.2502763,,1785057964.2491775,upsert,3,64,Adaptive,4650049274038987083,0.0010988712310791016,True,,enqueued,,101
48037,2048,update,1785057964.2505715,1785057964.2505715,1785057964.2492583,upsert,0,64,Adaptive,12613465747135452669,0.0013132095336914062,True,,forwarded,,102
48037,1024,update,1785057964.2507057,1785057964.2507057,1785057964.2491775,upsert,3,64,Adaptive,4650049274038987083,0.0015282630920410156,True,,forwarded,,101
48037,1024,update,1785057964.2508607,,1785057964.2493541,upsert,1,64,Adaptive,15769623694692820738,0.0015065670013427734,True,,enqueued,,103
48037,1024,update,1785057964.2510695,1785057964.2510695,1785057964.2493541,upsert,1,64,Adaptive,15769623694692820738,0.0017154216766357422,True,,forwarded,,103
48037,1024,update,1785057968.730071,,1785057968.7295604,upsert,0,64,Adaptive,15769623694692820738,0.0005106925964355469,True,,enqueued,,104
48037,1024,update,1785057968.7304816,1785057968.7304816,1785057968.7295604,upsert,0,64,Adaptive,15769623694692820738,0.0009212493896484375,True,,forwarded,,104
48037,2048,update,1785057968.730654,,1785057968.7298286,upsert,1,64,Adaptive,13378001954599623759,0.0008254051208496094,True,,enqueued,,105
48037,1024,update,1785057968.7308366,,1785057968.7300684,upsert,1,64,Adaptive,15769623694692820738,0.0007681846618652344,True,,enqueued,,106
48037,2048,update,1785057968.7311332,1785057968.7311332,1785057968.7298286,upsert,1,64,Adaptive,13378001954599623759,0.00130462646484375,True,,forwarded,,105
48037,1024,update,1785057968.7312663,1785057968.7312663,1785057968.7300684,upsert,1,64,Adaptive,15769623694692820738,0.00119781494140625,True,,forwarded,,106
48037,1024,update,1785057968.7313945,,1785057968.7302175,upsert,0,64,Adaptive,15769623694692820738,0.001177072525024414,True,,enqueued,,107
48037,1024,update,1785057968.7315817,1785057968.7315817,1785057968.7302175,upsert,0,64,Adaptive,15769623694692820738,0.0013642311096191406,True,,forwarded,,107
48037,2048,update,1785057972.3393464,,1785057972.3386617,upsert,2,64,Adaptive,11074190661555870271,0.0006847381591796875,True,,enqueued,,108
48037,2048,update,1785057972.3398256,1785057972.3398256,1785057972.3386617,upsert,2,64,Adaptive,11074190661555870271,0.0011639595031738281,True,,forwarded,,108
48037,1024,update,1785057972.3399873,,1785057972.3390038,upsert,0,64,Adaptive,15769623694692820738,0.0009834766387939453,True,,enqueued,,109
48037,1024,update,1785057972.3401475,,1785057972.3391778,upsert,3,64,Adaptive,4650049274038987083,0.0009696483612060547,True,,enqueued,,110
48037,1024,update,1785057972.340439,1785057972.340439,1785057972.3390038,upsert,0,64,Adaptive,15769623694692820738,0.0014352798461914062,True,,forwarded,,109
48037,1024,update,1785057972.3405716,1785057972.3405716,1785057972.3391778,upsert,3,64,Adaptive,4650049274038987083,0.0013937950134277344,True,,forwarded,,110
48037,2048,update,1785057972.3407032,,1785057972.3393295,upsert,1,64,Adaptive,16048794067380282208,0.0013737678527832031,True,,enqueued,,111
48037,2048,update,1785057972.3409016,1785057972.3409016,1785057972.3393295,upsert,1,64,Adaptive,16048794067380282208,0.0015721321105957031,True,,forwarded,,111
48037,1024,update,1785057976.1722817,,1785057976.1718345,upsert,0,64,Adaptive,15769623694692820738,0.00044727325439453125,True,,enqueued,,112
48037,1024,update,1785057976.1727004,1785057976.1727004,1785057976.1718345,upsert,0,64,Adaptive,15769623694692820738,0.000865936279296875,True,,forwarded,,112
48037,2048,update,1785057976.1728942,,1785057976.1720757,upsert,3,64,Adaptive,12613465747135452669,0.0008184909820556641,True,,enqueued,,113
48037,2048,update,1785057976.1732223,1785057976.1732223,1785057976.1720757,upsert,3,64,Adaptive,12613465747135452669,0.001146554946899414,True,,forwarded,,113
48037,2048,update,1785057976.1733537,,1785057976.1723135,upsert,1,64,Adaptive,17381650270951867770,0.0010402202606201172,True,,enqueued,,114
48037,2048,update,1785057976.1736367,1785057976.1736367,1785057976.1723135,upsert,1,64,Adaptive,17381650270951867770,0.0013232231140136719,True,,forwarded,,114
48037,2048,update,1785057976.1737537,,1785057976.1725307,upsert,0,64,Adaptive,12376960631178457983,0.0012230873107910156,True,,enqueued,,115
48037,2048,update,1785057976.173979,1785057976.173979,1785057976.1725307,upsert,0,64,Adaptive,12376960631178457983,0.0014483928680419922,True,,forwarded,,115
48037,1024,update,1785057977.024955,,1785057977.0244913,upsert,0,64,Adaptive,15769623694692820738,0.00046372413635253906,True,,enqueued,,116
48037,1024,update,1785057977.0253658,1785057977.0253658,1785057977.0244913,upsert,0,64,Adaptive,15769623694692820738,0.0008745193481445312,True,,forwarded,,116
48037,2048,update,1785057977.0255184,,1785057977.0247304,upsert,3,64,Adaptive,12376960631178457983,0.0007879734039306641,True,,enqueued,,117
48037,2048,update,1785057977.0259104,1785057977.0259104,1785057977.0247304,upsert,3,64,Adaptive,12376960631178457983,0.0011799335479736328,True,,forwarded,,117
48037,1024,update,1785057977.0260437,,1785057977.0249927,upsert,1,64,Adaptive,5281956220402968541,0.0010509490966796875,True,,enqueued,,118
48037,1024,update,1785057977.0261962,,1785057977.0251436,upsert,0,64,Adaptive,15769623694692820738,0.0010526180267333984,True,,enqueued,,119
48037,1024,update,1785057977.0263853,1785057977.0263853,1785057977.0249927,upsert,1,64,Adaptive,5281956220402968541,0.0013926029205322266,True,,forwarded,,118
48037,1024,update,1785057977.026505,1785057977.026505,1785057977.0251436,upsert,0,64,Adaptive,15769623694692820738,0.0013613700866699219,True,,forwarded,,119
48037,1024,update,1785057978.2557492,,1785057978.2553163,upsert,3,64,Adaptive,14361523986587977395,0.0004329681396484375,True,,enqueued,,120
48037,1024,update,1785057978.2561913,1785057978.2561913,1785057978.2553163,upsert,3,64,Adaptive,14361523986587977395,0.0008749961853027344,True,,forwarded,,120
48037,1024,update,1785057978.2563467,,1785057978.2555468,upsert,0,64,Adaptive,15769623694692820738,0.0007998943328857422,True,,enqueued,,121
48037,1024,update,1785057978.2565017,,1785057978.2555468,upsert,0,64,Adaptive,15769623694692820738,0.0009548664093017578,False,,suppressed,superseded,121
48037,1024,update,1785057978.256607,,1785057978.255892,upsert,0,64,Adaptive,15769623694692820738,0.0007150173187255859,True,,enqueued,,123
48037,1024,update,1785057978.2568953,1785057978.2568953,1785057978.255892,upsert,0,64,Adaptive,15769623694692820738,0.001003265380859375,True,,forwarded,,123
48037,1024,update,1785057978.2570207,,1785057978.2557082,upsert,1,64,Adaptive,956269133268340827,0.0013124942779541016,True,,enqueued,,122
48037,1024,update,1785057978.257202,1785057978.257202,1785057978.2557082,upsert,1,64,Adaptive,956269133268340827,0.001493692398071289,True,,forwarded,,122
48037,1024,update,1785057979.2330356,,1785057979.2325165,upsert,0,64,Adaptive,4650049274038987083,0.0005190372467041016,True,,enqueued,,124
48037,1024,update,1785057979.2333906,1785057979.2333906,1785057979.2325165,upsert,0,64,Adaptive,4650049274038987083,0.0008740425109863281,True,,forwarded,,124
48037,2048,update,1785057979.2335358,,1785057979.2328002,upsert,1,64,Adaptive,9971321710674973507,0.0007355213165283203,True,,enqueued,,125
48037,2048,update,1785057979.233654,,1785057979.2328002,upsert,1,64,Adaptive,9971321710674973507,0.0008537769317626953,False,,suppressed,superseded,125
48037,2048,update,1785057979.2337255,,1785057979.233203,upsert,1,64,Adaptive,9971321710674973507,0.000522613525390625,True,,enqueued,,127
48037,2048,update,1785057979.2339385,1785057979.2339385,1785057979.233203,upsert,1,64,Adaptive,9971321710674973507,0.0007355213165283203,True,,forwarded,,127
48037,1024,update,1785057979.2340472,,1785057979.2330492,upsert,0,64,Adaptive,15769623694692820738,0.0009980201721191406,True,,enqueued,,126
48037,1024,update,1785057979.3231666,1785057979.3231666,1785057979.2330492,upsert,0,64,Adaptive,15769623694692820738,0.0901174545288086,True,,forwarded,,126
48037,1024,update,1785057980.0401132,,1785057980.0398018,upsert,0,64,Adaptive,12523743054995375112,0.0003113746643066406,True,,enqueued,,128
48037,1024,update,1785057980.040438,,1785057980.0399446,upsert,3,64,Adaptive,12523743054995375112,0.0004932880401611328,True,,enqueued,,129
48037,2048,update,1785057980.0407043,,1785057980.040023,upsert,1,64,Adaptive,1610475058989402671,0.0006811618804931641,True,,enqueued,,130
48037,1024,update,1785057980.0408723,,1785057980.0401301,upsert,0,64,Adaptive,14774026810505956694,0.0007421970367431641,True,,enqueued,,131
48037,1024,update,1785057980.5049772,1785057980.5049772,1785057980.0398018,upsert,0,64,Adaptive,12523743054995375112,0.4651753902435303,True,,forwarded,,128
48037,2048,update,1785057981.3768525,,1785057981.3763793,upsert,0,64,Adaptive,3163096543987652428,0.00047326087951660156,True,,enqueued,,132
48037,1024,update,1785057981.3772645,,1785057981.376691,upsert,3,64,Adaptive,16954395879792744941,0.0005733966827392578,True,,enqueued,,133
48037,1024,update,1785057981.377437,,1785057981.3768847,upsert,1,64,Adaptive,15769623694692820738,0.0005524158477783203,True,,enqueued,,134
48037,1024,update,1785057981.3775642,,1785057981.3770337,upsert,1,64,Adaptive,14774026810505956694,0.0005304813385009766,True,,enqueued,,135
48037,1024,update,1785057981.6868553,1785057981.6868553,1785057980.0399446,upsert,3,64,Adaptive,12523743054995375112,1.6469106674194336,True,,forwarded,,129
48037,2048,update,1785057981.6870193,1785057981.6870193,1785057980.040023,upsert,1,64,Adaptive,1610475058989402671,1.646996259689331,True,,forwarded,,130
48037,2048,update,1785057982.465994,,1785057982.465558,upsert,0,64,Adaptive,12613465747135452669,0.00043582916259765625,True,,enqueued,,136
48037,1024,update,1785057982.4663627,,1785057981.3768847,upsert,1,64,Adaptive,15769623694692820738,1.0894780158996582,False,,suppressed,superseded,134
48037,1024,update,1785057982.4664676,,1785057982.4658844,upsert,1,64,Adaptive,15769623694692820738,0.0005831718444824219,True,,enqueued,,137
48037,2048,update,1785057982.4665945,,1785057982.4660468,upsert,1,64,Adaptive,1610475058989402671,0.0005476474761962891,True,,enqueued,,138
48037,2048,update,1785057982.4668283,,1785057982.4662557,upsert,3,64,Adaptive,12613465747135452669,0.0005726814270019531,True,,enqueued,,139
48037,1024,update,1785057982.4669485,,1785057981.376691,upsert,3,64,Adaptive,16954395879792744941,1.0902574062347412,False,,suppressed,low_utility,133
48037,1024,update,1785057982.4670162,,1785057982.4658844,upsert,1,64,Adaptive,15769623694692820738,0.0011317729949951172,False,,suppressed,low_utility,137
48037,1024,update,1785057983.2137513,,1785057983.2134001,upsert,0,64,Adaptive,15769623694692820738,0.00035119056701660156,True,,enqueued,,140
48037,1024,update,1785057983.214003,,1785057983.2136364,upsert,1,64,Adaptive,15769623694692820738,0.0003666877746582031,True,,enqueued,,141
48037,1024,update,1785057983.2140758,,1785057983.2134001,upsert,0,64,Adaptive,15769623694692820738,0.0006756782531738281,False,,suppressed,low_utility,140
48037,1024,update,1785057983.2141113,,1785057983.2136364,upsert,1,64,Adaptive,15769623694692820738,0.0004749298095703125,False,,suppressed,low_utility,141
48037,2048,update,1785057983.2141623,,1785057983.2138264,upsert,3,64,Adaptive,3163096543987652428,0.00033593177795410156,True,,enqueued,,142
48037,1024,update,1785057983.2142673,,1785057983.2140443,upsert,1,64,Adaptive,15769623694692820738,0.00022292137145996094,True,,enqueued,,143
48037,1024,update,1785057983.2143214,,1785057983.2140443,upsert,1,64,Adaptive,15769623694692820738,0.0002770423889160156,False,,suppressed,low_utility,143
48037,1024,update,1785057984.1595156,,1785057980.0401301,upsert,0,64,Adaptive,14774026810505956694,4.119385480880737,False,,suppressed,low_utility,131
48037,2048,update,1785057984.1596859,1785057984.1596859,1785057981.3763793,upsert,0,64,Adaptive,3163096543987652428,2.78330659866333,True,,forwarded,,132
48037,1024,update,1785057984.358635,,1785057984.3582742,upsert,0,64,Adaptive,15769623694692820738,0.00036072731018066406,False,,suppressed,low_utility,144
48037,2048,update,1785057984.3589492,,1785057982.4662557,upsert,3,64,Adaptive,12613465747135452669,1.8926935195922852,False,,suppressed,superseded,139
48037,2048,update,1785057984.3590522,,1785057984.3585043,upsert,3,64,Adaptive,12613465747135452669,0.0005478858947753906,True,,enqueued,,145
48037,2048,update,1785057984.359203,,1785057984.3585043,upsert,3,64,Adaptive,12613465747135452669,0.0006988048553466797,False,,suppressed,superseded,145
48037,2048,update,1785057984.3592916,,1785057984.3587372,upsert,3,64,Adaptive,12613465747135452669,0.0005543231964111328,True,,enqueued,,146
48037,2048,update,1785057984.3595438,,1785057982.465558,upsert,0,64,Adaptive,12613465747135452669,1.8939857482910156,False,,suppressed,superseded,136
48037,2048,update,1785057984.3596306,,1785057984.3589814,upsert,0,64,Adaptive,12613465747135452669,0.0006492137908935547,True,,enqueued,,147
48037,1024,update,1785057985.9413645,,1785057981.3770337,upsert,1,64,Adaptive,14774026810505956694,4.564330816268921,False,,suppressed,low_utility,135
48037,2048,update,1785057985.9415398,1785057985.9415398,1785057982.4660468,upsert,1,64,Adaptive,1610475058989402671,3.4754929542541504,True,,forwarded,,138
48037,2048,update,1785057987.9421632,,1785057984.3589814,upsert,0,64,Adaptive,12613465747135452669,3.583181858062744,False,,suppressed,superseded,147
48037,2048,update,1785057987.9423053,,1785057987.941741,upsert,0,64,Adaptive,12613465747135452669,0.0005643367767333984,True,,enqueued,,148
48037,1024,update,1785057987.9426856,,1785057987.942076,upsert,3,64,Adaptive,12523743054995375112,0.0006096363067626953,False,,suppressed,low_utility,149
48037,2048,update,1785057987.942845,,1785057987.942242,upsert,1,64,Adaptive,9971467602450215698,0.0006031990051269531,True,,enqueued,,150
48037,1024,update,1785057987.943107,,1785057987.9425082,upsert,0,64,Adaptive,15769623694692820738,0.0005986690521240234,False,,suppressed,low_utility,151
48037,2048,update,1785057988.323209,1785057988.323209,1785057983.2138264,upsert,3,64,Adaptive,3163096543987652428,5.109382629394531,True,,forwarded,,142
48037,2048,update,1785057988.3233025,1785057988.3233025,1785057984.3587372,upsert,3,64,Adaptive,12613465747135452669,3.9645652770996094,True,,forwarded,,146
48037,1024,update,1785057989.4249482,,1785057989.4244676,upsert,0,64,Adaptive,15769623694692820738,0.00048065185546875,False,,suppressed,low_utility,152
48037,1024,update,1785057989.4252667,,1785057989.4247086,upsert,1,64,Adaptive,15769623694692820738,0.0005581378936767578,False,,suppressed,low_utility,153
48037,4096,update,1785057989.4255168,,1785057989.4249034,upsert,3,64,Adaptive,947483498426156190,0.0006134510040283203,True,,enqueued,,154
48037,2048,update,1785057989.4257898,,1785057987.941741,upsert,0,64,Adaptive,12613465747135452669,1.484048843383789,False,,suppressed,superseded,148
48037,2048,update,1785057989.425888,,1785057989.4252636,upsert,0,64,Adaptive,12613465747135452669,0.0006244182586669922,True,,enqueued,,155
48037,2048,update,1785057990.7599487,,1785057990.7594676,upsert,0,64,Adaptive,1785562587857272681,0.0004811286926269531,True,,enqueued,,156
48037,1024,update,1785057990.7604046,,1785057990.7597964,upsert,1,64,Adaptive,15769623694692820738,0.0006082057952880859,False,,suppressed,low_utility,157
48037,1024,update,1785057990.7605357,,1785057990.7601116,upsert,1,64,Adaptive,15769623694692820738,0.0004241466522216797,False,,suppressed,low_utility,159
48037,1024,update,1785057990.7606685,,1785057990.759963,upsert,3,64,Adaptive,1187225797315579929,0.0007054805755615234,False,,suppressed,low_utility,158
48037,2048,update,1785057990.7959085,1785057990.7959085,1785057987.942242,upsert,1,64,Adaptive,9971467602450215698,2.8536665439605713,True,,forwarded,,150
48037,2048,update,1785057992.1476765,,1785057992.1472719,upsert,3,64,Adaptive,12613465747135452669,0.00040459632873535156,True,,enqueued,,160
48037,1024,update,1785057992.148067,,1785057992.1475801,upsert,1,64,Adaptive,15769623694692820738,0.0004868507385253906,False,,suppressed,low_utility,161
48037,2048,update,1785057992.1481998,,1785057992.1477432,upsert,1,64,Adaptive,13378001954599623759,0.0004565715789794922,True,,enqueued,,162
48037,4096,update,1785057992.1484869,,1785057992.1480126,upsert,0,64,Adaptive,947483498426156190,0.0004742145538330078,True,,enqueued,,163
48037,4096,update,1785057992.5777097,1785057992.5777097,1785057989.4249034,upsert,3,64,Adaptive,947483498426156190,3.152806282043457,True,,forwarded,,154
48037,1024,update,1785057993.4645023,,1785057993.464049,upsert,1,64,Adaptive,15769623694692820738,0.0004532337188720703,False,,suppressed,low_utility,164
48037,1024,update,1785057993.464847,,1785057993.4642959,upsert,0,64,Adaptive,15769623694692820738,0.0005512237548828125,False,,suppressed,low_utility,165
48037,4096,update,1785057993.4650981,,1785057993.4644587,upsert,3,64,Adaptive,947483498426156190,0.0006394386291503906,True,,enqueued,,166
48037,1024,update,1785057993.4653697,,1785057993.4648259,upsert,1,64,Adaptive,15769623694692820738,0.0005438327789306641,False,,suppressed,low_utility,167
48037,2048,update,1785057994.9596293,1785057994.9596293,1785057989.4252636,upsert,0,64,Adaptive,12613465747135452669,5.534365653991699,True,,forwarded,,155
48037,2048,update,1785057994.9598222,1785057994.9598222,1785057990.7594676,upsert,0,64,Adaptive,1785562587857272681,4.20035457611084,True,,forwarded,,156
48037,2048,update,1785057997.323127,1785057997.323127,1785057992.1472719,upsert,3,64,Adaptive,12613465747135452669,5.1758551597595215,True,,forwarded,,160
48037,1024,update,1785057997.9230387,,1785057997.9225876,upsert,3,64,Adaptive,12523743054995375112,0.00045108795166015625,False,,suppressed,low_utility,168
48037,1024,update,1785057997.923338,,1785057997.9228692,upsert,1,64,Adaptive,15769623694692820738,0.0004687309265136719,False,,suppressed,low_utility,169
48037,2048,update,1785057997.9235864,,1785057997.9230382,upsert,0,64,Adaptive,12426261210083601366,0.0005481243133544922,True,,enqueued,,170
48037,1024,update,1785057997.923743,,1785057997.923265,upsert,0,64,Adaptive,15769623694692820738,0.0004780292510986328,False,,suppressed,low_utility,171
48037,2048,update,1785057999.1050277,1785057999.1050277,1785057992.1477432,upsert,1,64,Adaptive,13378001954599623759,6.957284450531006,True,,forwarded,,162
48037,1024,update,1785057999.7130084,,1785057999.7125223,upsert,1,64,Adaptive,13982934541694442251,0.00048613548278808594,False,,suppressed,low_utility,172
48037,2048,update,1785057999.7133305,,1785057999.7127616,upsert,3,64,Adaptive,3163096543987652428,0.0005688667297363281,True,,enqueued,,173
48037,1024,update,1785057999.713662,,1785057999.7130258,upsert,0,64,Adaptive,10402019323283478844,0.0006361007690429688,False,,suppressed,low_utility,174
48037,1024,update,1785057999.713822,,1785057999.7131758,upsert,1,64,Adaptive,15769623694692820738,0.0006461143493652344,False,,suppressed,low_utility,175
48037,4096,update,1785058001.4869697,1785058001.4869697,1785057992.1480126,upsert,0,64,Adaptive,947483498426156190,9.338957071304321,True,,forwarded,,163
48037,4096,update,1785058001.487146,1785058001.487146,1785057993.4644587,upsert,3,64,Adaptive,947483498426156190,8.022687196731567,True,,forwarded,,166
48037,2048,update,1785058003.8503938,1785058003.8503938,1785057997.9230382,upsert,0,64,Adaptive,12426261210083601366,5.927355527877808,True,,forwarded,,170
48037,2048,update,1785058005.632232,1785058005.632232,1785057999.7127616,upsert,3,64,Adaptive,3163096543987652428,5.919470310211182,True,,forwarded,,173
48037,4096,update,1785058012.5078993,,1785058012.5075526,upsert,0,64,Adaptive,13101894963583709654,0.0003466606140136719,True,,enqueued,,176
48037,4096,update,1785058012.5081613,1785058012.5081613,1785058012.5075526,upsert,0,64,Adaptive,13101894963583709654,0.0006086826324462891,True,,forwarded,,176
48037,1024,update,1785058012.5084171,,1785058012.508018,upsert,1,64,Adaptive,16342886595574764735,0.0003991127014160156,False,,suppressed,low_utility,177
48037,1024,update,1785058012.5085187,,1785058012.5081868,upsert,1,64,Adaptive,15769623694692820738,0.000331878662109375,False,,suppressed,low_utility,178
48037,2048,update,1785058012.5087128,,1785058012.5083387,upsert,0,64,Adaptive,9971321710674973507,0.00037407875061035156,True,,enqueued,,179
48037,2048,update,1785058012.5088794,1785058012.5088794,1785058012.5083387,upsert,0,64,Adaptive,9971321710674973507,0.0005407333374023438,True,,forwarded,,179
48037,1024,update,1785058013.76534,,1785058013.7649975,upsert,1,64,Adaptive,15769623694692820738,0.0003426074981689453,False,,suppressed,low_utility,180
48037,1024,update,1785058013.7656753,,1785058013.7652378,upsert,0,64,Adaptive,15769623694692820738,0.0004374980926513672,False,,suppressed,low_utility,181
48037,2048,update,1785058013.7658434,,1785058013.765399,upsert,3,64,Adaptive,12613465747135452669,0.0004444122314453125,True,,enqueued,,182
48037,2048,update,1785058013.7660964,1785058013.7660964,1785058013.765399,upsert,3,64,Adaptive,12613465747135452669,0.0006973743438720703,True,,forwarded,,182
48037,2048,update,1785058013.7663376,,1785058013.765653,upsert,1,64,Adaptive,9971321710674973507,0.0006847381591796875,True,,enqueued,,183
48037,2048,update,1785058013.7665095,1785058013.7665095,1785058013.765653,upsert,1,64,Adaptive,9971321710674973507,0.0008566379547119141,True,,forwarded,,183
48037,1024,update,1785058014.3445945,,1785058014.344243,upsert,1,64,Adaptive,15769623694692820738,0.0003514289855957031,False,,suppressed,low_utility,184
48037,1024,update,1785058014.3449645,,1785058014.3444765,upsert,0,64,Adaptive,15769623694692820738,0.00048804283142089844,False,,suppressed,low_utility,185
48037,1024,update,1785058014.345086,,1785058014.3446345,upsert,1,64,Adaptive,15769623694692820738,0.0004515647888183594,False,,suppressed,low_utility,186
48037,1024,update,1785058014.345295,,1785058014.3448255,upsert,3,64,Adaptive,4650049274038987083,0.00046944618225097656,False,,suppressed,low_utility,187
48037,2048,update,1785058015.7186124,,1785058015.7181873,upsert,2,64,Adaptive,11074190661555870271,0.00042510032653808594,True,,enqueued,,188
48037,2048,update,1785058015.7190042,,1785058015.7185311,upsert,1,64,Adaptive,9971321710674973507,0.0004730224609375,True,,enqueued,,189
48037,4096,update,1785058015.7192461,,1785058015.7187998,upsert,0,64,Adaptive,14108233664250482536,0.000446319580078125,True,,enqueued,,190
48037,1024,update,1785058015.7194898,,1785058015.719194,upsert,1,64,Adaptive,15769623694692820738,0.00029587745666503906,False,,suppressed,low_utility,191
48037,2048,update,1785058015.7412367,1785058015.7412367,1785058015.7181873,upsert,2,64,Adaptive,11074190661555870271,0.023049354553222656,True,,forwarded,,188
48037,1024,update,1785058016.4591126,,1785058016.4586532,upsert,1,64,Adaptive,15769623694692820738,0.00045943260192871094,False,,suppressed,low_utility,192
48037,1024,update,1785058016.4594057,,1785058016.4589508,upsert,0,64,Adaptive,15769623694692820738,0.00045490264892578125,False,,suppressed,low_utility,193
48037,1024,update,1785058016.4597151,,1785058016.4591248,upsert,1,64,Adaptive,15769623694692820738,0.0005903244018554688,False,,suppressed,low_utility,194
48037,2048,update,1785058016.459892,,1785058016.4592686,upsert,3,64,Adaptive,12376960631178457983,0.0006234645843505859,True,,enqueued,,195
48037,2048,update,1785058016.9230998,1785058016.9230998,1785058015.7185311,upsert,1,64,Adaptive,9971321710674973507,1.20456862449646,True,,forwarded,,189
48037,4096,update,1785058016.9231908,1785058016.9231908,1785058015.7187998,upsert,0,64,Adaptive,14108233664250482536,1.2043910026550293,True,,forwarded,,190
48037,1024,update,1785058017.6914835,,1785058017.691159,upsert,1,64,Adaptive,15769623694692820738,0.00032448768615722656,False,,suppressed,low_utility,196
48037,2048,update,1785058017.6916611,,1785058017.6913946,upsert,0,64,Adaptive,3163096543987652428,0.0002665519714355469,True,,enqueued,,197
48037,1024,update,1785058017.6918116,,1785058017.691634,upsert,1,64,Adaptive,15769623694692820738,0.00017762184143066406,False,,suppressed,low_utility,198
48037,1024,update,1785058017.6919665,,1785058017.6918273,upsert,0,64,Adaptive,15769623694692820738,0.0001392364501953125,False,,suppressed,low_utility,199
48037,2048,update,1785058018.6869721,1785058018.6869721,1785058016.4592686,upsert,3,64,Adaptive,12376960631178457983,2.22770357131958,True,,forwarded,,195
48037,2048,update,1785058020.468592,1785058020.468592,1785058017.6913946,upsert,0,64,Adaptive,3163096543987652428,2.7771973609924316,True,,forwarded,,197
48037,2048,update,1785058021.211223,,1785058021.210771,upsert,2,64,Adaptive,3651397818491029696,0.00045180320739746094,True,,enqueued,,200
48037,1024,update,1785058021.2116246,,1785058021.2110999,upsert,1,64,Adaptive,15769623694692820738,0.0005247592926025391,False,,suppressed,low_utility,201
48037,1024,update,1785058021.2117534,,1785058021.2112675,upsert,0,64,Adaptive,15769623694692820738,0.0004858970642089844,False,,suppressed,low_utility,202
48037,1024,update,1785058021.2119594,,1785058021.2114253,upsert,3,64,Adaptive,12523743054995375112,0.0005340576171875,False,,suppressed,low_utility,203
48037,2048,update,1785058022.2503452,1785058022.2503452,1785058021.210771,upsert,2,64,Adaptive,3651397818491029696,1.039574146270752,True,,forwarded,,200
48037,2048,update,1785058023.4766128,,1785058023.4761727,upsert,0,64,Adaptive,3163096543987652428,0.0004401206970214844,True,,enqueued,,204
48037,2048,update,1785058023.4769113,1785058023.4769113,1785058023.4761727,upsert,0,64,Adaptive,3163096543987652428,0.0007386207580566406,True,,forwarded,,204
48037,2048,update,1785058023.4772007,,1785058023.4764802,upsert,1,64,Adaptive,9971321710674973507,0.0007205009460449219,True,,enqueued,,205
48037,4096,update,1785058023.4773316,,1785058023.4769182,upsert,1,64,Adaptive,9417075026054648240,0.0004134178161621094,True,,enqueued,,207
48037,1024,update,1785058023.4774554,,1785058023.4767084,upsert,0,64,Adaptive,15769623694692820738,0.0007469654083251953,False,,suppressed,low_utility,206
48037,2048,update,1785058024.6140344,1785058024.6140344,1785058023.4764802,upsert,1,64,Adaptive,9971321710674973507,1.1375541687011719,True,,forwarded,,205
48037,4096,update,1785058026.395796,1785058026.395796,1785058023.4769182,upsert,1,64,Adaptive,9417075026054648240,2.9188778400421143,True,,forwarded,,207
48037,4096,update,1785058035.5703874,,1785058035.570059,upsert,1,64,Adaptive,4132850298606047245,0.00032830238342285156,True,,enqueued,,208
48037,4096,update,1785058035.570671,1785058035.570671,1785058035.570059,upsert,1,64,Adaptive,4132850298606047245,0.0006120204925537109,True,,forwarded,,208
48037,2048,update,1785058035.5710373,,1785058035.5705013,upsert,0,64,Adaptive,9971321710674973507,0.0005359649658203125,True,,enqueued,,209
48037,2048,update,1785058035.571189,,1785058035.5707376,upsert,3,64,Adaptive,12613465747135452669,0.0004513263702392578,True,,enqueued,,210
48037,2048,update,1785058035.571375,1785058035.571375,1785058035.5705013,upsert,0,64,Adaptive,9971321710674973507,0.000873565673828125,True,,forwarded,,209
48037,2048,update,1785058035.5714862,1785058035.5714862,1785058035.5707376,upsert,3,64,Adaptive,12613465747135452669,0.0007486343383789062,True,,forwarded,,210
48037,1024,update,1785058035.5716777,,1785058035.5709667,upsert,1,64,Adaptive,15769623694692820738,0.0007109642028808594,False,,suppressed,low_utility,211
48037,2048,update,1785058036.8609,,1785058036.860526,upsert,0,64,Adaptive,12613465747135452669,0.00037384033203125,True,,enqueued,,212
48037,2048,update,1785058036.8610685,1785058036.8610685,1785058036.860526,upsert,0,64,Adaptive,12613465747135452669,0.0005424022674560547,True,,forwarded,,212
48037,1024,update,1785058036.8611858,,1785058036.8608656,upsert,3,64,Adaptive,12523743054995375112,0.00032019615173339844,False,,suppressed,low_utility,213
48037,1024,update,1785058036.8612862,,1785058036.8610342,upsert,3,64,Adaptive,12523743054995375112,0.00025200843811035156,False,,suppressed,low_utility,214
48037,1024,update,1785058036.8614838,,1785058036.8611796,upsert,0,64,Adaptive,4650049274038987083,0.00030422210693359375,False,,suppressed,low_utility,215
48037,1024,update,1785058047.8104556,,1785058047.8101175,upsert,0,64,Adaptive,15769623694692820738,0.0003380775451660156,False,,suppressed,low_utility,216
48037,1024,update,1785058047.810622,,1785058047.8103554,upsert,1,64,Adaptive,15769623694692820738,0.0002665519714355469,False,,suppressed,low_utility,217
48037,1024,update,1785058047.810725,,1785058047.8105185,upsert,3,64,Adaptive,3073007241776570211,0.00020647048950195312,False,,suppressed,low_utility,218
48037,4096,update,1785058047.8108582,,1785058047.8106644,upsert,2,64,Adaptive,17626756171492301456,0.0001938343048095703,True,,enqueued,,219
48037,4096,update,1785058047.810991,1785058047.810991,1785058047.8106644,upsert,2,64,Adaptive,17626756171492301456,0.0003266334533691406,True,,forwarded,,219
48037,1024,update,1785058049.0535028,,1785058049.0529954,upsert,0,64,Adaptive,15769623694692820738,0.000507354736328125,False,,suppressed,low_utility,220
48037,1024,update,1785058049.0538378,,1785058049.0532537,upsert,1,64,Adaptive,15769623694692820738,0.0005841255187988281,False,,suppressed,low_utility,221
48037,2048,update,1785058049.0541015,,1785058049.053416,upsert,0,64,Adaptive,1785562587857272681,0.0006854534149169922,True,,enqueued,,222
48037,1024,update,1785058049.0542543,,1785058049.0536504,upsert,3,64,Adaptive,16954395879792744941,0.0006039142608642578,False,,suppressed,low_utility,223
48037,2048,update,1785058049.0544477,1785058049.0544477,1785058049.053416,upsert,0,64,Adaptive,1785562587857272681,0.001031637191772461,True,,forwarded,,222
48037,1024,update,1785058052.6981914,,1785058052.6976736,upsert,2,64,Adaptive,17846715708891391149,0.0005178451538085938,False,,suppressed,low_utility,224
48037,1024,update,1785058052.69851,,1785058052.697949,upsert,0,64,Adaptive,17846715708891391149,0.0005609989166259766,False,,suppressed,low_utility,225
48037,1024,update,1785058052.6988628,,1785058052.6981106,upsert,1,64,Adaptive,16959770370201147106,0.0007522106170654297,False,,suppressed,low_utility,226
48037,2048,update,1785058052.698993,,1785058052.6982539,upsert,3,64,Adaptive,2763046690965461559,0.0007390975952148438,True,,enqueued,,227
48037,2048,update,1785058052.6992753,1785058052.6992753,1785058052.6982539,upsert,3,64,Adaptive,2763046690965461559,0.0010213851928710938,True,,forwarded,,227
48037,1024,update,1785058056.665343,,1785058056.664875,upsert,2,64,Adaptive,17846715708891391149,0.0004680156707763672,True,,enqueued,,228
48037,1024,update,1785058056.6657286,1785058056.6657286,1785058056.664875,upsert,2,64,Adaptive,17846715708891391149,0.0008535385131835938,True,,forwarded,,228
48037,2048,update,1785058056.6659093,,1785058056.6651158,upsert,1,64,Adaptive,11084610101891187946,0.00079345703125,True,,enqueued,,229
48037,2048,update,1785058056.6661835,1785058056.6661835,1785058056.6651158,upsert,1,64,Adaptive,11084610101891187946,0.0010676383972167969,True,,forwarded,,229
48037,2048,update,1785058056.6663072,,1785058056.665344,upsert,0,64,Adaptive,13844655051170110805,0.0009632110595703125,True,,enqueued,,230
48037,2048,update,1785058056.6665406,1785058056.6665406,1785058056.665344,upsert,0,64,Adaptive,13844655051170110805,0.0011966228485107422,True,,forwarded,,230
48037,2048,update,1785058056.6666572,,1785058056.6655521,upsert,3,64,Adaptive,11821849661176330329,0.0011050701141357422,True,,enqueued,,231
48037,2048,update,1785058056.666822,1785058056.666822,1785058056.6655521,upsert,3,64,Adaptive,11821849661176330329,0.0012698173522949219,True,,forwarded,,231
48037,4096,update,1785058068.330479,,1785058068.330039,upsert,2,64,Adaptive,7868677391643418442,0.0004398822784423828,True,,enqueued,,232
48037,4096,update,1785058068.3308172,1785058068.3308172,1785058068.330039,upsert,2,64,Adaptive,7868677391643418442,0.0007781982421875,True,,forwarded,,232
48037,2048,update,1785058068.3310683,,1785058068.3304915,upsert,3,64,Adaptive,16031388937053417897,0.0005767345428466797,True,,enqueued,,233
48037,2048,update,1785058068.3313768,1785058068.3313768,1785058068.3304915,upsert,3,64,Adaptive,16031388937053417897,0.0008852481842041016,True,,forwarded,,233
48037,1024,update,1785058068.3315039,,1785058068.3307254,upsert,0,64,Adaptive,15431656929541765248,0.0007784366607666016,True,,enqueued,,234
48037,4096,update,1785058068.3316238,,1785058068.3308792,upsert,1,64,Adaptive,3174386350051304381,0.0007445812225341797,True,,enqueued,,235
48037,1024,update,1785058068.3317893,1785058068.3317893,1785058068.3307254,upsert,0,64,Adaptive,15431656929541765248,0.0010638236999511719,True,,forwarded,,234
48037,4096,update,1785058068.3319037,1785058068.3319037,1785058068.3308792,upsert,1,64,Adaptive,3174386350051304381,0.001024484634399414,True,,forwarded,,235
48037,1024,update,1785058072.2341666,,1785058072.2337153,upsert,2,64,Adaptive,14333057367934485678,0.0004513263702392578,True,,enqueued,,236
48037,1024,update,1785058072.2345467,1785058072.2345467,1785058072.2337153,upsert,2,64,Adaptive,14333057367934485678,0.0008313655853271484,True,,forwarded,,236
48037,2048,update,1785058072.234695,,1785058072.233918,upsert,0,64,Adaptive,6878038652119793510,0.0007770061492919922,True,,enqueued,,237
48037,2048,update,1785058072.2350338,1785058072.2350338,1785058072.233918,upsert,0,64,Adaptive,6878038652119793510,0.0011157989501953125,True,,forwarded,,237
48037,1024,update,1785058072.235162,,1785058072.2341328,upsert,1,64,Adaptive,14470901837808647390,0.0010292530059814453,True,,enqueued,,238
48037,1024,update,1785058072.2352827,,1785058072.2342656,upsert,2,64,Adaptive,17846715708891391149,0.0010170936584472656,True,,enqueued,,239
48037,1024,update,1785058072.2354374,1785058072.2354374,1785058072.2341328,upsert,1,64,Adaptive,14470901837808647390,0.00130462646484375,True,,forwarded,,238
48037,1024,update,1785058072.23555,1785058072.23555,1785058072.2342656,upsert,2,64,Adaptive,17846715708891391149,0.0012843608856201172,True,,forwarded,,239
48037,2048,update,1785058076.4514694,,1785058076.4510376,upsert,3,64,Adaptive,15507369539614680842,0.0004317760467529297,True,,enqueued,,240
48037,2048,update,1785058076.4517658,1785058076.4517658,1785058076.4510376,upsert,3,64,Adaptive,15507369539614680842,0.0007281303405761719,True,,forwarded,,240
48037,2048,update,1785058076.4520395,,1785058076.4513555,upsert,2,64,Adaptive,3796152564256217897,0.0006840229034423828,True,,enqueued,,241
48037,1024,update,1785058076.4521682,,1785058076.4515834,upsert,2,64,Adaptive,17846715708891391149,0.0005848407745361328,True,,enqueued,,242
48037,1024,update,1785058076.4522743,,1785058076.4515834,upsert,2,64,Adaptive,17846715708891391149,0.0006909370422363281,False,,suppressed,superseded,242
48037,1024,update,1785058076.4523404,,1785058076.4517314,upsert,2,64,Adaptive,17846715708891391149,0.0006089210510253906,True,,enqueued,,243
48037,2048,update,1785058076.4524941,1785058076.4524941,1785058076.4513555,upsert,2,64,Adaptive,3796152564256217897,0.0011386871337890625,True,,forwarded,,241
48037,1024,update,1785058076.4526064,1785058076.4526064,1785058076.4517314,upsert,2,64,Adaptive,17846715708891391149,0.0008749961853027344,True,,forwarded,,243
48037,2048,update,1785058088.1780083,,1785058088.177605,upsert,1,64,Adaptive,15507369539614680842,0.00040340423583984375,True,,enqueued,,244
48037,2048,update,1785058088.1782887,1785058088.1782887,1785058088.177605,upsert,1,64,Adaptive,15507369539614680842,0.0006837844848632812,True,,forwarded,,244
48037,2048,update,1785058088.1785257,,1785058088.1779504,upsert,3,64,Adaptive,11821849661176330329,0.0005753040313720703,True,,enqueued,,245
48037,2048,update,1785058088.178861,1785058088.178861,1785058088.1779504,upsert,3,64,Adaptive,11821849661176330329,0.0009105205535888672,True,,forwarded,,245
48037,1024,update,1785058088.1789885,,1785058088.1781826,upsert,0,64,Adaptive,16236083247640581049,0.0008058547973632812,True,,enqueued,,246
48037,4096,update,1785058088.179105,,1785058088.1783292,upsert,2,64,Adaptive,5080278736125677280,0.0007758140563964844,True,,enqueued,,247
48037,1024,update,1785058088.179256,1785058088.179256,1785058088.1781826,upsert,0,64,Adaptive,16236083247640581049,0.0010733604431152344,True,,forwarded,,246
48037,4096,update,1785058088.179368,1785058088.179368,1785058088.1783292,upsert,2,64,Adaptive,5080278736125677280,0.0010387897491455078,True,,forwarded,,247
48037,2048,update,1785058089.725664,,1785058089.7252316,upsert,3,64,Adaptive,11821849661176330329,0.0004322528839111328,True,,enqueued,,248
48037,2048,update,1785058089.7259932,1785058089.7259932,1785058089.7252316,upsert,3,64,Adaptive,11821849661176330329,0.0007615089416503906,True,,forwarded,,248
48037,1024,update,1785058089.7262356,,1785058089.7255418,upsert,2,64,Adaptive,17846715708891391149,0.0006937980651855469,True,,enqueued,,249
48037,1024,update,1785058089.7263613,,1785058089.7257047,upsert,2,64,Adaptive,14333057367934485678,0.0006566047668457031,True,,enqueued,,250
48037,1024,update,1785058089.7265944,1785058089.7265944,1785058089.7255418,upsert,2,64,Adaptive,17846715708891391149,0.0010526180267333984,True,,forwarded,,249
48037,1024,update,1785058089.726719,1785058089.726719,1785058089.7257047,upsert,2,64,Adaptive,14333057367934485678,0.0010142326354980469,True,,forwarded,,250
48037,2048,update,1785058089.7268405,,1785058089.7258706,upsert,3,64,Adaptive,15507369539614680842,0.0009698867797851562,True,,enqueued,,251
48037,2048,update,1785058089.726991,1785058089.726991,1785058089.7258706,upsert,3,64,Adaptive,15507369539614680842,0.0011203289031982422,True,,forwarded,,251
48037,1024,update,1785058090.7222073,,1785058090.721771,upsert,2,64,Adaptive,17846715708891391149,0.0004363059997558594,True,,enqueued,,252
48037,1024,update,1785058090.7225804,1785058090.7225804,1785058090.721771,upsert,2,64,Adaptive,17846715708891391149,0.0008094310760498047,True,,forwarded,,252
48037,1024,update,1785058090.7227275,,1785058090.7220283,upsert,2,64,Adaptive,17846715708891391149,0.0006992816925048828,True,,enqueued,,253
48037,1024,update,1785058090.7228756,,1785058090.7221837,upsert,2,64,Adaptive,14333057367934485678,0.0006918907165527344,True,,enqueued,,254
48037,1024,update,1785058090.7231183,1785058090.7231183,1785058090.7220283,upsert,2,64,Adaptive,17846715708891391149,0.0010900497436523438,True,,forwarded,,253
48037,1024,update,1785058090.7232437,1785058090.7232437,1785058090.7221837,upsert,2,64,Adaptive,14333057367934485678,0.0010600090026855469,True,,forwarded,,254
48037,2048,update,1785058090.7233477,,1785058090.7223256,upsert,3,64,Adaptive,15507369539614680842,0.0010221004486083984,True,,enqueued,,255
48037,2048,update,1785058090.7234855,1785058090.7234855,1785058090.7223256,upsert,3,64,Adaptive,15507369539614680842,0.0011599063873291016,True,,forwarded,,255
48037,1024,update,1785058103.5179796,,1785058103.51751,upsert,2,64,Adaptive,14333057367934485678,0.0004696846008300781,True,,enqueued,,256
48037,1024,update,1785058103.5183496,1785058103.5183496,1785058103.51751,upsert,2,64,Adaptive,14333057367934485678,0.0008397102355957031,True,,forwarded,,256
48037,4096,update,1785058103.518503,,1785058103.5177724,upsert,0,64,Adaptive,16508625817180621701,0.0007305145263671875,True,,enqueued,,257
48037,4096,update,1785058103.518694,1785058103.518694,1785058103.5177724,upsert,0,64,Adaptive,16508625817180621701,0.0009214878082275391,True,,forwarded,,257
48037,4096,update,1785058103.5189254,,1785058103.5181713,upsert,3,64,Adaptive,5794772519797049687,0.0007541179656982422,True,,enqueued,,258
48037,2048,update,1785058103.5190446,,1785058103.51852,upsert,3,64,Adaptive,11821849661176330329,0.0005245208740234375,True,,enqueued,,259
48037,4096,update,1785058103.5192041,1785058103.5192041,1785058103.5181713,upsert,3,64,Adaptive,5794772519797049687,0.0010328292846679688,True,,forwarded,,258
48037,2048,update,1785058103.5193172,1785058103.5193172,1785058103.51852,upsert,3,64,Adaptive,11821849661176330329,0.0007970333099365234,True,,forwarded,,259
48037,1024,update,1785058104.1940324,,1785058104.1936297,upsert,2,64,Adaptive,17846715708891391149,0.00040268898010253906,True,,enqueued,,260
48037,1024,update,1785058104.194386,1785058104.194386,1785058104.1936297,upsert,2,64,Adaptive,17846715708891391149,0.0007562637329101562,True,,forwarded,,260
48037,1024,update,1785058104.1945286,,1785058104.1939013,upsert,2,64,Adaptive,17846715708891391149,0.0006272792816162109,True,,enqueued,,261
48037,1024,update,1785058104.1948123,1785058104.1948123,1785058104.1939013,upsert,2,64,Adaptive,17846715708891391149,0.0009109973907470703,True,,forwarded,,261
48037,1024,update,1785058104.1949365,,1785058104.1940706,upsert,0,64,Adaptive,16236083247640581049,0.000865936279296875,True,,enqueued,,262
48037,1024,update,1785058104.1951928,1785058104.1951928,1785058104.1940706,upsert,0,64,Adaptive,16236083247640581049,0.0011222362518310547,True,,forwarded,,262
48037,1024,update,1785058104.1953096,,1785058104.1942215,upsert,2,64,Adaptive,17846715708891391149,0.0010881423950195312,True,,enqueued,,263
48037,1024,update,1785058104.195449,1785058104.195449,1785058104.1942215,upsert,2,64,Adaptive,17846715708891391149,0.0012276172637939453,True,,forwarded,,263
48037,1024,update,1785058107.9367642,,1785058107.936371,upsert,2,64,Adaptive,17846715708891391149,0.00039315223693847656,True,,enqueued,,264
48037,1024,update,1785058107.9371126,1785058107.9371126,1785058107.936371,upsert,2,64,Adaptive,17846715708891391149,0.0007414817810058594,True,,forwarded,,264
48037,1024,update,1785058107.937252,,1785058107.936609,upsert,3,64,Adaptive,13764273285245102789,0.0006430149078369141,True,,enqueued,,265
48037,1024,update,1785058107.937513,1785058107.937513,1785058107.936609,upsert,3,64,Adaptive,13764273285245102789,0.000904083251953125,True,,forwarded,,265
48037,2048,update,1785058107.937636,,1785058107.9367692,upsert,1,64,Adaptive,2791082597034988524,0.0008666515350341797,True,,enqueued,,266
48037,2048,update,1785058107.9378626,1785058107.9378626,1785058107.9367692,upsert,1,64,Adaptive,2791082597034988524,0.0010933876037597656,True,,forwarded,,266
48037,1024,update,1785058107.9379737,,1785058107.937018,upsert,2,64,Adaptive,17846715708891391149,0.0009558200836181641,True,,enqueued,,267
48037,1024,update,1785058107.9380977,1785058107.9380977,1785058107.937018,upsert,2,64,Adaptive,17846715708891391149,0.0010797977447509766,True,,forwarded,,267
48037,4096,update,1785058109.3667545,,1785058109.3663263,upsert,0,64,Adaptive,16508625817180621701,0.00042819976806640625,True,,enqueued,,268
48037,4096,update,1785058109.3670485,1785058109.3670485,1785058109.3663263,upsert,0,64,Adaptive,16508625817180621701,0.0007221698760986328,True,,forwarded,,268
48037,1024,update,1785058109.3672764,,1785058109.366813,upsert,3,64,Adaptive,10946459298946968941,0.0004634857177734375,True,,enqueued,,269
48037,1024,update,1785058109.3674986,1785058109.3674986,1785058109.366813,upsert,3,64,Adaptive,10946459298946968941,0.0006856918334960938,True,,forwarded,,269
48037,4096,update,1785058109.3676124,,1785058109.3669865,upsert,2,64,Adaptive,5080278736125677280,0.0006258487701416016,True,,enqueued,,270
48037,4096,update,1785058109.3678353,1785058109.3678353,1785058109.3669865,upsert,2,64,Adaptive,5080278736125677280,0.0008487701416015625,True,,forwarded,,270
48037,1024,update,1785058109.367948,,1785058109.367334,upsert,1,64,Adaptive,7759237608199543855,0.000614166259765625,True,,enqueued,,271
48037,1024,update,1785058109.368075,1785058109.368075,1785058109.367334,upsert,1,64,Adaptive,7759237608199543855,0.0007410049438476562,True,,forwarded,,271
48037,1024,update,1785058121.636882,,1785058121.636337,upsert,3,64,Adaptive,13764273285245102789,0.0005450248718261719,False,,suppressed,low_utility,272
48037,1024,update,1785058121.6371608,,1785058121.6365895,upsert,2,64,Adaptive,17846715708891391149,0.0005712509155273438,False,,suppressed,low_utility,273
48037,1024,update,1785058121.6372685,,1785058121.6367497,upsert,2,64,Adaptive,17846715708891391149,0.000518798828125,False,,suppressed,low_utility,274
48037,4096,update,1785058121.6374533,,1785058121.636929,upsert,0,64,Adaptive,17368355320037658727,0.0005242824554443359,True,,enqueued,,275
48037,4096,update,1785058121.637674,1785058121.637674,1785058121.636929,upsert,0,64,Adaptive,17368355320037658727,0.0007450580596923828,True,,forwarded,,275
48037,4096,update,1785058125.5898035,,1785058125.5893385,upsert,0,64,Adaptive,16508625817180621701,0.0004649162292480469,True,,enqueued,,276
48037,4096,update,1785058125.590106,1785058125.590106,1785058125.5893385,upsert,0,64,Adaptive,16508625817180621701,0.0007674694061279297,True,,forwarded,,276
48037,4096,update,1785058125.590361,,1785058125.5898328,upsert,2,64,Adaptive,5080278736125677280,0.0005283355712890625,True,,enqueued,,277
48037,4096,update,1785058125.5906284,1785058125.5906284,1785058125.5898328,upsert,2,64,Adaptive,5080278736125677280,0.0007956027984619141,True,,forwarded,,277
48037,1024,update,1785058125.5907536,,1785058125.5902205,upsert,1,64,Adaptive,7759237608199543855,0.0005331039428710938,True,,enqueued,,278
48037,1024,update,1785058125.5910077,1785058125.5910077,1785058125.5902205,upsert,1,64,Adaptive,7759237608199543855,0.0007872581481933594,True,,forwarded,,278
48037,2048,update,1785058125.591129,,1785058125.5903776,upsert,3,64,Adaptive,12103029824873703222,0.000751495361328125,True,,enqueued,,279
48037,2048,update,1785058125.5912826,1785058125.5912826,1785058125.5903776,upsert,3,64,Adaptive,12103029824873703222,0.0009050369262695312,True,,forwarded,,279
48037,1024,update,1785058126.4652858,,1785058126.4646614,upsert,2,64,Adaptive,17846715708891391149,0.0006244182586669922,True,,enqueued,,280
48037,1024,update,1785058126.4656494,1785058126.4656494,1785058126.4646614,upsert,2,64,Adaptive,17846715708891391149,0.000988006591796875,True,,forwarded,,280
48037,2048,update,1785058126.4658387,,1785058126.4651198,upsert,1,64,Adaptive,15507369539614680842,0.0007188320159912109,True,,enqueued,,281
48037,2048,update,1785058126.466108,1785058126.466108,1785058126.4651198,upsert,1,64,Adaptive,15507369539614680842,0.0009882450103759766,True,,forwarded,,281
48037,1024,update,1785058126.4662354,,1785058126.465355,upsert,2,64,Adaptive,17846715708891391149,0.0008804798126220703,True,,enqueued,,282
48037,1024,update,1785058126.4663424,,1785058126.465355,upsert,2,64,Adaptive,17846715708891391149,0.0009875297546386719,False,,suppressed,superseded,282
48037,1024,update,1785058126.466413,,1785058126.4654963,upsert,2,64,Adaptive,17846715708891391149,0.0009167194366455078,True,,enqueued,,283
48037,1024,update,1785058126.4665577,1785058126.4665577,1785058126.4654963,upsert,2,64,Adaptive,17846715708891391149,0.0010614395141601562,True,,forwarded,,283
48037,2048,update,1785058127.8322182,,1785058127.8317661,upsert,3,64,Adaptive,11821849661176330329,0.0004520416259765625,True,,enqueued,,284
48037,2048,update,1785058127.8325322,1785058127.8325322,1785058127.8317661,upsert,3,64,Adaptive,11821849661176330329,0.0007660388946533203,True,,forwarded,,284
48037,2048,update,1785058127.8328536,,1785058127.8321023,upsert,1,64,Adaptive,15507369539614680842,0.0007512569427490234,True,,enqueued,,285
48037,2048,update,1785058127.8329952,,1785058127.8323305,upsert,3,64,Adaptive,15507369539614680842,0.0006647109985351562,True,,enqueued,,286
48037,2048,update,1785058127.8332114,1785058127.8332114,1785058127.8321023,upsert,1,64,Adaptive,15507369539614680842,0.0011091232299804688,True,,forwarded,,285
48037,2048,update,1785058127.8333123,1785058127.8333123,1785058127.8323305,upsert,3,64,Adaptive,15507369539614680842,0.0009818077087402344,True,,forwarded,,286
48037,2048,update,1785058127.833408,,1785058127.8325677,upsert,0,64,Adaptive,6878038652119793510,0.0008404254913330078,True,,enqueued,,287
48037,2048,update,1785058127.8335404,1785058127.8335404,1785058127.8325677,upsert,0,64,Adaptive,6878038652119793510,0.000972747802734375,True,,forwarded,,287
48037,2048,update,1785058129.523604,,1785058129.5231404,upsert,3,64,Adaptive,15507369539614680842,0.0004634857177734375,True,,enqueued,,288
48037,2048,update,1785058129.523964,1785058129.523964,1785058129.5231404,upsert,3,64,Adaptive,15507369539614680842,0.0008234977722167969,True,,forwarded,,288
48037,4096,update,1785058129.5241034,,1785058129.5234551,upsert,2,64,Adaptive,5080278736125677280,0.0006482601165771484,True,,enqueued,,289
48037,4096,update,1785058129.5242603,1785058129.5242603,1785058129.5234551,upsert,2,64,Adaptive,5080278736125677280,0.0008051395416259766,True,,forwarded,,289
48037,1024,update,1785058129.524495,,1785058129.52385,upsert,2,64,Adaptive,17846715708891391149,0.0006449222564697266,True,,enqueued,,290
48037,2048,update,1785058129.5246193,,1785058129.5240026,upsert,3,64,Adaptive,11821849661176330329,0.0006167888641357422,True,,enqueued,,291
48037,1024,update,1785058129.524755,1785058129.524755,1785058129.52385,upsert,2,64,Adaptive,17846715708891391149,0.0009050369262695312,True,,forwarded,,290
48037,2048,update,1785058129.524862,1785058129.524862,1785058129.5240026,upsert,3,64,Adaptive,11821849661176330329,0.0008594989776611328,True,,forwarded,,291
48037,2048,update,1785058131.263375,,1785058131.2629333,upsert,3,64,Adaptive,11821849661176330329,0.0004417896270751953,True,,enqueued,,292
48037,2048,update,1785058131.263764,,1785058131.2632537,upsert,0,64,Adaptive,13844655051170110805,0.0005102157592773438,True,,enqueued,,293
48037,1024,update,1785058131.2639456,,1785058131.2634795,upsert,1,64,Adaptive,7759237608199543855,0.0004661083221435547,True,,enqueued,,294
48037,4096,update,1785058131.2640593,,1785058131.2636282,upsert,1,64,Adaptive,3174386350051304381,0.000431060791015625,True,,enqueued,,295
48037,2048,update,1785058131.960508,1785058131.960508,1785058131.2629333,upsert,3,64,Adaptive,11821849661176330329,0.6975748538970947,True,,forwarded,,292
48037,2048,update,1785058132.1689453,,1785058132.1685972,upsert,3,64,Adaptive,11821849661176330329,0.00034809112548828125,True,,enqueued,,296
48037,1024,update,1785058132.1692448,,1785058132.1689305,upsert,2,64,Adaptive,14333057367934485678,0.0003142356872558594,True,,enqueued,,297
48037,1024,update,1785058132.1693828,,1785058132.169094,upsert,2,64,Adaptive,17846715708891391149,0.0002887248992919922,True,,enqueued,,298
48037,1024,update,1785058132.1696165,,1785058132.169094,upsert,2,64,Adaptive,17846715708891391149,0.0005223751068115234,False,,suppressed,superseded,298
48037,1024,update,1785058132.1696978,,1785058132.1692364,upsert,2,64,Adaptive,17846715708891391149,0.00046133995056152344,True,,enqueued,,299
48037,2048,update,1785058133.142432,1785058133.142432,1785058131.2632537,upsert,0,64,Adaptive,13844655051170110805,1.8791782855987549,True,,forwarded,,293
48037,1024,update,1785058133.14259,1785058133.14259,1785058131.2634795,upsert,1,64,Adaptive,7759237608199543855,1.87911057472229,True,,forwarded,,294
48037,1024,update,1785058133.3313649,,1785058133.330996,upsert,1,64,Adaptive,7759237608199543855,0.0003688335418701172,True,,enqueued,,300
48037,2048,update,1785058133.3316534,,1785058133.3312263,upsert,0,64,Adaptive,13844655051170110805,0.00042700767517089844,True,,enqueued,,301
48037,1024,update,1785058133.331827,,1785058133.3314602,upsert,0,64,Adaptive,16236083247640581049,0.0003666877746582031,True,,enqueued,,302
48037,2048,update,1785058133.3320692,,1785058132.1685972,upsert,3,64,Adaptive,11821849661176330329,1.1634719371795654,False,,suppressed,superseded,296
48037,2048,update,1785058133.332159,,1785058133.3316023,upsert,3,64,Adaptive,11821849661176330329,0.0005567073822021484,True,,enqueued,,303
48037,4096,update,1785058134.906112,1785058134.906112,1785058131.2636282,upsert,1,64,Adaptive,3174386350051304381,3.642483711242676,True,,forwarded,,295
48037,1024,update,1785058136.6878855,,1785058132.1689305,upsert,2,64,Adaptive,14333057367934485678,4.5189549922943115,False,,suppressed,low_utility,297
48037,1024,update,1785058136.6880217,,1785058132.1692364,upsert,2,64,Adaptive,17846715708891391149,4.518785238265991,False,,suppressed,low_utility,299
48037,1024,update,1785058136.688119,,1785058133.330996,upsert,1,64,Adaptive,7759237608199543855,3.3571228981018066,False,,suppressed,low_utility,300
48037,2048,update,1785058136.6882212,1785058136.6882212,1785058133.3312263,upsert,0,64,Adaptive,13844655051170110805,3.356994867324829,True,,forwarded,,301
48037,1024,update,1785058139.0697334,,1785058133.3314602,upsert,0,64,Adaptive,16236083247640581049,5.7382731437683105,False,,suppressed,low_utility,302
48037,2048,update,1785058139.069935,1785058139.069935,1785058133.3316023,upsert,3,64,Adaptive,11821849661176330329,5.738332748413086,True,,forwarded,,303
48037,2048,update,1785058145.0555243,,1785058145.0550737,upsert,3,64,Adaptive,11821849661176330329,0.0004506111145019531,True,,enqueued,,304
48037,2048,update,1785058145.0558448,1785058145.0558448,1785058145.0550737,upsert,3,64,Adaptive,11821849661176330329,0.0007710456848144531,True,,forwarded,,304
48037,4096,update,1785058145.056093,,1785058145.0553966,upsert,1,64,Adaptive,8870018519622387243,0.0006964206695556641,True,,enqueued,,305
48037,4096,update,1785058145.0563428,1785058145.0563428,1785058145.0553966,upsert,1,64,Adaptive,8870018519622387243,0.0009462833404541016,True,,forwarded,,305
48037,1024,update,1785058145.056474,,1785058145.055811,upsert,0,64,Adaptive,16236083247640581049,0.0006630420684814453,False,,suppressed,low_utility,306
48037,1024,update,1785058145.05665,,1785058145.0559943,upsert,2,64,Adaptive,14333057367934485678,0.0006556510925292969,False,,suppressed,low_utility,307
48037,1024,update,1785058146.1805136,,1785058146.1801255,upsert,2,64,Adaptive,14333057367934485678,0.00038814544677734375,False,,suppressed,low_utility,308
48037,2048,update,1785058146.1807573,,1785058146.180374,upsert,0,64,Adaptive,13844655051170110805,0.0003833770751953125,True,,enqueued,,309
48037,2048,update,1785058146.1810312,1785058146.1810312,1785058146.180374,upsert,0,64,Adaptive,13844655051170110805,0.0006573200225830078,True,,forwarded,,309
48037,2048,update,1785058146.1811543,,1785058146.1806126,upsert,3,64,Adaptive,11821849661176330329,0.00054168701171875,True,,enqueued,,310
48037,2048,update,1785058146.1812544,,1785058146.1806126,upsert,3,64,Adaptive,11821849661176330329,0.0006418228149414062,False,,suppressed,superseded,310
48037,2048,update,1785058146.181321,,1785058146.1808617,upsert,3,64,Adaptive,11821849661176330329,0.0004591941833496094,True,,enqueued,,311
48037,2048,update,1785058146.1814306,1785058146.1814306,1785058146.1808617,upsert,3,64,Adaptive,11821849661176330329,0.0005688667297363281,True,,forwarded,,311
48037,2048,update,1785058147.2678852,,1785058147.2674186,upsert,1,64,Adaptive,15507369539614680842,0.0004665851593017578,True,,enqueued,,312
48037,2048,update,1785058147.2681553,1785058147.2681553,1785058147.2674186,upsert,1,64,Adaptive,15507369539614680842,0.0007367134094238281,True,,forwarded,,312
48037,2048,update,1785058147.2683873,,1785058147.2677534,upsert,3,64,Adaptive,11821849661176330329,0.0006339550018310547,True,,enqueued,,313
48037,2048,update,1785058147.268515,,1785058147.2677534,upsert,3,64,Adaptive,11821849661176330329,0.0007617473602294922,False,,suppressed,superseded,313
48037,2048,update,1785058147.268592,,1785058147.268012,upsert,3,64,Adaptive,11821849661176330329,0.000579833984375,True,,enqueued,,314
48037,2048,update,1785058147.268803,1785058147.268803,1785058147.268012,upsert,3,64,Adaptive,11821849661176330329,0.0007908344268798828,True,,forwarded,,314
48037,1024,update,1785058147.2689183,,1785058147.2682648,upsert,1,64,Adaptive,7759237608199543855,0.0006535053253173828,False,,suppressed,low_utility,315
48037,2048,update,1785058148.0328085,,1785058148.032405,upsert,0,64,Adaptive,13844655051170110805,0.0004036426544189453,True,,enqueued,,316
48037,2048,update,1785058148.0330307,1785058148.0330307,1785058148.032405,upsert,0,64,Adaptive,13844655051170110805,0.0006258487701416016,True,,forwarded,,316
48037,1024,update,1785058148.0332541,,1785058148.0327287,upsert,2,64,Adaptive,17846715708891391149,0.0005254745483398438,False,,suppressed,low_utility,317
48037,1024,update,1785058148.0333552,,1785058148.0329154,upsert,2,64,Adaptive,17846715708891391149,0.0004398822784423828,False,,suppressed,low_utility,318
48037,2048,update,1785058148.0335228,,1785058148.0330658,upsert,3,64,Adaptive,12103029824873703222,0.0004570484161376953,True,,enqueued,,319
48037,2048,update,1785058149.1425154,1785058149.1425154,1785058148.0330658,upsert,3,64,Adaptive,12103029824873703222,1.1094496250152588,True,,forwarded,,319
48037,1024,update,1785058149.359911,,1785058149.359522,upsert,2,64,Adaptive,17846715708891391149,0.00038886070251464844,False,,suppressed,low_utility,320
48037,1024,update,1785058149.3601902,,1785058149.3598244,upsert,1,64,Adaptive,7759237608199543855,0.0003657341003417969,False,,suppressed,low_utility,321
48037,4096,update,1785058149.3603938,,1785058149.360005,upsert,0,64,Adaptive,16508625817180621701,0.00038886070251464844,True,,enqueued,,322
48037,4096,update,1785058149.3605633,1785058149.3605633,1785058149.360005,upsert,0,64,Adaptive,16508625817180621701,0.0005583763122558594,True,,forwarded,,322
48037,1024,update,1785058149.3607469,,1785058149.3603745,upsert,2,64,Adaptive,17846715708891391149,0.0003724098205566406,False,,suppressed,low_utility,323
48037,2048,update,1785058153.0447032,,1785058153.0443463,upsert,1,64,Adaptive,11592361518825428217,0.00035691261291503906,True,,enqueued,,324
48037,2048,update,1785058153.0449698,1785058153.0449698,1785058153.0443463,upsert,1,64,Adaptive,11592361518825428217,0.0006234645843505859,True,,forwarded,,324
48037,2048,update,1785058153.0451853,,1785058153.0446453,upsert,0,64,Adaptive,6878038652119793510,0.0005400180816650391,True,,enqueued,,325
48037,2048,update,1785058153.045405,1785058153.045405,1785058153.0446453,upsert,0,64,Adaptive,6878038652119793510,0.0007596015930175781,True,,forwarded,,325
48037,1024,update,1785058153.0455265,,1785058153.0449042,upsert,2,64,Adaptive,17846715708891391149,0.0006222724914550781,False,,suppressed,low_utility,326
48037,1024,update,1785058153.0456076,,1785058153.045056,upsert,2,64,Adaptive,17846715708891391149,0.0005514621734619141,False,,suppressed,low_utility,327
48037,1024,update,1785058154.5711994,,1785058154.570863,upsert,3,64,Adaptive,13764273285245102789,0.0003364086151123047,False,,suppressed,low_utility,328
48037,2048,update,1785058154.571487,,1785058154.5710273,upsert,3,64,Adaptive,11821849661176330329,0.0004596710205078125,True,,enqueued,,329
48037,2048,update,1785058154.5716348,,1785058154.5710273,upsert,3,64,Adaptive,11821849661176330329,0.0006074905395507812,False,,suppressed,superseded,329
48037,2048,update,1785058154.571719,,1785058154.5713007,upsert,3,64,Adaptive,11821849661176330329,0.0004181861877441406,True,,enqueued,,330
48037,2048,update,1785058154.5719001,1785058154.5719001,1785058154.5713007,upsert,3,64,Adaptive,11821849661176330329,0.0005993843078613281,True,,forwarded,,330
48037,4096,update,1785058154.5720968,,1785058154.5715425,upsert,0,64,Adaptive,16508625817180621701,0.0005543231964111328,True,,enqueued,,331
48037,4096,update,1785058154.5722394,1785058154.5722394,1785058154.5715425,upsert,0,64,Adaptive,16508625817180621701,0.0006968975067138672,True,,forwarded,,331
48037,1024,update,1785058155.684521,,1785058155.6840463,upsert,2,64,Adaptive,17846715708891391149,0.00047469139099121094,False,,suppressed,low_utility,332
48037,2048,update,1785058155.68487,,1785058155.6842992,upsert,3,64,Adaptive,11821849661176330329,0.0005707740783691406,True,,enqueued,,333
48037,2048,update,1785058155.685194,,1785058155.684541,upsert,1,64,Adaptive,11084610101891187946,0.0006530284881591797,True,,enqueued,,334
48037,1024,update,1785058155.6853375,,1785058155.6847568,upsert,1,64,Adaptive,14470901837808647390,0.0005807876586914062,False,,suppressed,low_utility,335
48037,2048,update,1785058157.4334562,1785058157.4334562,1785058155.6842992,upsert,3,64,Adaptive,11821849661176330329,1.7491569519042969,True,,forwarded,,333
48037,2048,update,1785058157.4336314,1785058157.4336314,1785058155.684541,upsert,1,64,Adaptive,11084610101891187946,1.7490904331207275,True,,forwarded,,334
48037,1024,update,1785058159.482226,,1785058159.4818237,upsert,2,64,Adaptive,17846715708891391149,0.00040221214294433594,False,,suppressed,low_utility,336
48037,2048,update,1785058159.4824855,,1785058159.482077,upsert,0,64,Adaptive,11828416008499956572,0.0004086494445800781,True,,enqueued,,337
48037,1024,update,1785058159.4827425,,1785058159.482346,upsert,2,64,Adaptive,17846715708891391149,0.00039649009704589844,False,,suppressed,low_utility,338
48037,2048,update,1785058159.4829638,,1785058159.4825017,upsert,3,64,Adaptive,11821849661176330329,0.0004620552062988281,True,,enqueued,,339
48037,2048,update,1785058159.7970095,1785058159.7970095,1785058159.482077,upsert,0,64,Adaptive,11828416008499956572,0.31493258476257324,True,,forwarded,,337
48037,2048,update,1785058159.7971692,1785058159.7971692,1785058159.4825017,upsert,3,64,Adaptive,11821849661176330329,0.3146674633026123,True,,forwarded,,339
48037,2048,update,1785058163.115974,,1785058163.1154797,upsert,3,64,Adaptive,15507369539614680842,0.0004942417144775391,True,,enqueued,,340
48037,2048,update,1785058163.1162922,1785058163.1162922,1785058163.1154797,upsert,3,64,Adaptive,15507369539614680842,0.000812530517578125,True,,forwarded,,340
48037,2048,update,1785058163.1164284,,1785058163.1158285,upsert,3,64,Adaptive,11821849661176330329,0.0005998611450195312,True,,enqueued,,341
48037,2048,update,1785058163.1166494,1785058163.1166494,1785058163.1158285,upsert,3,64,Adaptive,11821849661176330329,0.0008208751678466797,True,,forwarded,,341
48037,2048,update,1785058163.1167672,,1785058163.1160572,upsert,0,64,Adaptive,13485819553775059313,0.0007100105285644531,True,,enqueued,,342
48037,2048,update,1785058163.1169982,,1785058163.1162713,upsert,3,64,Adaptive,11821849661176330329,0.0007269382476806641,True,,enqueued,,343
48037,2048,update,1785058164.5243244,1785058164.5243244,1785058163.1160572,upsert,0,64,Adaptive,13485819553775059313,1.4082672595977783,True,,forwarded,,342
48037,2048,update,1785058164.5244873,1785058164.5244873,1785058163.1162713,upsert,3,64,Adaptive,11821849661176330329,1.4082159996032715,True,,forwarded,,343
48037,1024,update,1785058166.7320044,,1785058166.7315464,upsert,2,64,Adaptive,17846715708891391149,0.00045800209045410156,False,,suppressed,low_utility,344
48037,2048,update,1785058166.7322783,,1785058166.7318223,upsert,3,64,Adaptive,11821849661176330329,0.00045609474182128906,True,,enqueued,,345
48037,1024,update,1785058166.732536,,1785058166.7320697,upsert,2,64,Adaptive,17846715708891391149,0.00046634674072265625,False,,suppressed,low_utility,346
48037,2048,update,1785058166.7327259,,1785058166.7322192,upsert,0,64,Adaptive,4146034437482887754,0.0005066394805908203,True,,enqueued,,347
48037,2048,update,1785058166.887925,1785058166.887925,1785058166.7318223,upsert,3,64,Adaptive,11821849661176330329,0.15610265731811523,True,,forwarded,,345
48037,2048,update,1785058166.888103,1785058166.888103,1785058166.7322192,upsert,0,64,Adaptive,4146034437482887754,0.1558837890625,True,,forwarded,,347
48037,1024,update,1785058168.0776758,,1785058168.0773325,upsert,2,64,Adaptive,17846715708891391149,0.00034332275390625,False,,suppressed,low_utility,348
48037,1024,update,1785058168.0778568,,1785058168.0775912,upsert,2,64,Adaptive,17846715708891391149,0.0002655982971191406,False,,suppressed,low_utility,349
48037,2048,update,1785058168.0779507,,1785058168.0777533,upsert,3,64,Adaptive,15507369539614680842,0.00019741058349609375,True,,enqueued,,350
48037,1024,update,1785058168.0781171,,1785058168.077992,upsert,1,64,Adaptive,15260451301505084502,0.0001251697540283203,False,,suppressed,low_utility,351
48037,2048,update,1785058169.2515647,1785058169.2515647,1785058168.0777533,upsert,3,64,Adaptive,15507369539614680842,1.173811435699463,True,,forwarded,,350
48037,1024,update,1785058170.2524693,,1785058170.2519903,upsert,2,64,Adaptive,14333057367934485678,0.00047898292541503906,False,,suppressed,low_utility,352
48037,1024,update,1785058170.2527544,,1785058170.252239,upsert,1,64,Adaptive,1138219160345481599,0.0005154609680175781,False,,suppressed,low_utility,353
48037,4096,update,1785058170.252995,,1785058170.2524042,upsert,2,64,Adaptive,5080278736125677280,0.0005908012390136719,True,,enqueued,,354
48037,1024,update,1785058170.25313,,1785058170.2527606,upsert,2,64,Adaptive,17846715708891391149,0.0003693103790283203,False,,suppressed,low_utility,355
48037,4096,update,1785058170.2532573,1785058170.2532573,1785058170.2524042,upsert,2,64,Adaptive,5080278736125677280,0.0008530616760253906,True,,forwarded,,354
48037,1024,update,1785058174.1708455,,1785058174.1703777,upsert,2,64,Adaptive,17846715708891391149,0.0004677772521972656,False,,suppressed,low_utility,356
48037,2048,update,1785058174.1712523,,1785058174.1706562,upsert,3,64,Adaptive,12169285934737722315,0.0005960464477539062,True,,enqueued,,357
48037,2048,update,1785058174.1716626,1785058174.1716626,1785058174.1706562,upsert,3,64,Adaptive,12169285934737722315,0.0010063648223876953,True,,forwarded,,357
48037,1024,update,1785058174.171885,,1785058174.1710622,upsert,0,64,Adaptive,3566375612704271676,0.0008227825164794922,False,,suppressed,low_utility,358
48037,4096,update,1785058174.1721537,,1785058174.1713328,upsert,2,64,Adaptive,5080278736125677280,0.0008208751678466797,True,,enqueued,,359
48037,4096,update,1785058174.172395,1785058174.172395,1785058174.1713328,upsert,2,64,Adaptive,5080278736125677280,0.001062154769897461,True,,forwarded,,359
48037,2048,update,1785058185.828395,,1785058185.827919,upsert,0,64,Adaptive,13844655051170110805,0.00047588348388671875,True,,enqueued,,360
48037,2048,update,1785058185.8287115,1785058185.8287115,1785058185.827919,upsert,0,64,Adaptive,13844655051170110805,0.0007925033569335938,True,,forwarded,,360
48037,4096,update,1785058185.829002,,1785058185.8282707,upsert,3,64,Adaptive,13538448680538938220,0.0007312297821044922,True,,enqueued,,361
48037,4096,update,1785058185.8292801,1785058185.8292801,1785058185.8282707,upsert,3,64,Adaptive,13538448680538938220,0.0010094642639160156,True,,forwarded,,361
48037,1024,update,1785058185.8294094,,1785058185.8286862,upsert,2,64,Adaptive,17846715708891391149,0.0007231235504150391,False,,suppressed,low_utility,362
48037,2048,update,1785058185.8295932,,1785058185.8288887,upsert,1,64,Adaptive,15507369539614680842,0.0007045269012451172,True,,enqueued,,363
48037,2048,update,1785058185.829767,1785058185.829767,1785058185.8288887,upsert,1,64,Adaptive,15507369539614680842,0.0008783340454101562,True,,forwarded,,363
48037,1024,update,1785058187.6655724,,1785058187.6650157,upsert,2,64,Adaptive,14333057367934485678,0.0005567073822021484,False,,suppressed,low_utility,364
48037,2048,update,1785058187.6660247,,1785058187.665284,upsert,3,64,Adaptive,11821849661176330329,0.0007407665252685547,True,,enqueued,,365
48037,2048,update,1785058187.6664417,1785058187.6664417,1785058187.665284,upsert,3,64,Adaptive,11821849661176330329,0.0011577606201171875,True,,forwarded,,365
48037,4096,update,1785058187.666642,,1785058187.665638,upsert,2,64,Adaptive,5080278736125677280,0.0010039806365966797,True,,enqueued,,366
48037,4096,update,1785058187.666942,1785058187.666942,1785058187.665638,upsert,2,64,Adaptive,5080278736125677280,0.0013039112091064453,True,,forwarded,,366
48037,2048,update,1785058187.6672633,,1785058187.6662693,upsert,3,64,Adaptive,11821849661176330329,0.000993967056274414,True,,enqueued,,367
48037,2048,update,1785058187.6675425,1785058187.6675425,1785058187.6662693,upsert,3,64,Adaptive,11821849661176330329,0.0012731552124023438,True,,forwarded,,367
48037,2048,update,1785058188.6180222,,1785058188.61755,upsert,0,64,Adaptive,6878038652119793510,0.0004723072052001953,True,,enqueued,,368
48037,2048,update,1785058188.6183321,1785058188.6183321,1785058188.61755,upsert,0,64,Adaptive,6878038652119793510,0.0007822513580322266,True,,forwarded,,368
48037,2048,update,1785058188.618617,,1785058188.6178873,upsert,1,64,Adaptive,11592361518825428217,0.0007297992706298828,True,,enqueued,,369
48037,1024,update,1785058188.6187603,,1785058188.6181233,upsert,3,64,Adaptive,13764273285245102789,0.000637054443359375,True,,enqueued,,370
48037,2048,update,1785058188.6189966,1785058188.6189966,1785058188.6178873,upsert,1,64,Adaptive,11592361518825428217,0.0011093616485595703,True,,forwarded,,369
48037,1024,update,1785058188.6190982,1785058188.6190982,1785058188.6181233,upsert,3,64,Adaptive,13764273285245102789,0.0009748935699462891,True,,forwarded,,370
48037,1024,update,1785058188.6191971,,1785058188.618274,upsert,2,64,Adaptive,17846715708891391149,0.00092315673828125,True,,enqueued,,371
48037,1024,update,1785058188.6193337,1785058188.6193337,1785058188.618274,upsert,2,64,Adaptive,17846715708891391149,0.0010597705841064453,True,,forwarded,,371
48037,1024,update,1785058189.9438255,,1785058189.9433594,upsert,2,64,Adaptive,17846715708891391149,0.0004661083221435547,True,,enqueued,,372
48037,1024,update,1785058189.9441469,1785058189.9441469,1785058189.9433594,upsert,2,64,Adaptive,17846715708891391149,0.0007874965667724609,True,,forwarded,,372
48037,4096,update,1785058189.9444664,,1785058189.943642,upsert,0,64,Adaptive,16508625817180621701,0.0008244514465332031,True,,enqueued,,373
48037,4096,update,1785058189.9448228,1785058189.9448228,1785058189.943642,upsert,0,64,Adaptive,16508625817180621701,0.001180887222290039,True,,forwarded,,373
48037,1024,update,1785058189.9450147,,1785058189.9443083,upsert,2,64,Adaptive,17846715708891391149,0.0007064342498779297,True,,enqueued,,374
48037,1024,update,1785058189.9452019,,1785058189.9443083,upsert,2,64,Adaptive,17846715708891391149,0.0008935928344726562,False,,suppressed,superseded,374
48037,1024,update,1785058189.9453237,,1785058189.9445925,upsert,2,64,Adaptive,17846715708891391149,0.0007312297821044922,True,,enqueued,,375
48037,1024,update,1785058189.94554,1785058189.94554,1785058189.9445925,upsert,2,64,Adaptive,17846715708891391149,0.0009474754333496094,True,,forwarded,,375
48037,2048,update,1785058193.8105054,,1785058193.8100734,upsert,3,64,Adaptive,11821849661176330329,0.00043201446533203125,True,,enqueued,,376
48037,2048,update,1785058193.810883,1785058193.810883,1785058193.8100734,upsert,3,64,Adaptive,11821849661176330329,0.0008096694946289062,True,,forwarded,,376
48037,2048,update,1785058193.8112345,,1785058193.8103862,upsert,0,64,Adaptive,3653934292717507175,0.0008482933044433594,True,,enqueued,,377
48037,2048,update,1785058193.811387,,1785058193.810644,upsert,1,64,Adaptive,11592361518825428217,0.0007431507110595703,True,,enqueued,,378
48037,2048,update,1785058193.8116,1785058193.8116,1785058193.8103862,upsert,0,64,Adaptive,3653934292717507175,0.0012137889862060547,True,,forwarded,,377
48037,2048,update,1785058193.811716,1785058193.811716,1785058193.810644,upsert,1,64,Adaptive,11592361518825428217,0.0010721683502197266,True,,forwarded,,378
48037,4096,update,1785058193.8118336,,1785058193.81089,upsert,2,64,Adaptive,5080278736125677280,0.0009436607360839844,True,,enqueued,,379
48037,4096,update,1785058193.811972,1785058193.811972,1785058193.81089,upsert,2,64,Adaptive,5080278736125677280,0.0010819435119628906,True,,forwarded,,379
48037,1024,update,1785058194.861023,,1785058194.860559,upsert,2,64,Adaptive,17846715708891391149,0.0004639625549316406,True,,enqueued,,380
48037,2048,update,1785058194.8613734,,1785058194.8608453,upsert,3,64,Adaptive,11821849661176330329,0.0005280971527099609,True,,enqueued,,381
48037,2048,update,1785058194.86165,,1785058194.8608453,upsert,3,64,Adaptive,11821849661176330329,0.0008046627044677734,False,,suppressed,superseded,381
48037,2048,update,1785058194.8617432,,1785058194.8612337,upsert,3,64,Adaptive,11821849661176330329,0.0005095005035400391,True,,enqueued,,383
48037,1024,update,1785058194.8618965,,1785058194.860559,upsert,2,64,Adaptive,17846715708891391149,0.0013375282287597656,False,,suppressed,superseded,380
48037,1024,update,1785058194.8619735,,1785058194.8610883,upsert,2,64,Adaptive,17846715708891391149,0.0008852481842041016,True,,enqueued,,382
48037,2048,update,1785058196.5242498,1785058196.5242498,1785058194.8612337,upsert,3,64,Adaptive,11821849661176330329,1.6630160808563232,True,,forwarded,,383
48037,1024,update,1785058197.7060204,,1785058194.8610883,upsert,2,64,Adaptive,17846715708891391149,2.8449320793151855,False,,suppressed,low_utility,382
