experiment_id,rep,cell_id,policy,request_id,trace_id,workload,phase,lineage_id,step,digest,reusable_prefix_tokens,selected_instance,advertised_owners,candidate_hit,dispatch_time_unix,source_truth_coverage_tokens,dispatcher_view_coverage_tokens,advertised_coverage_tokens,dispatch_state_age_s,dispatcher_view_missing,source_view_false_negative,source_view_false_positive,physical_false_positive_affinity,expected_coverage_tokens,expected_net_prefill_ms,raw_candidate_fanout,evaluated_candidate_fanout,actual_reusable_coverage_tokens,validation_attempt,validation_result,fallback,stale_fallback,forced_owner_resets_before_request,coverage_shortfall_tokens,prompt_sha256,ok,error,prior_attempt_errors,attempt_count,sse_parse_errors,ttft_ms,latency_ms,chunks,input_tokens,output_tokens,vllm_cached_tokens
20260726_formal4t4_reuse_intensive_Ideal_rep0,0,Ideal,Ideal,12,reuse_intensive:rep0:req12,reuse_intensive,0,2,1,L0002,1024,3,3,True,1785001209.6236463,1024,1024,1024,8.106231689453125e-05,False,False,False,False,1024,20.48,1,1,1056.0,True,cache_reused,False,False,0,0.0,ac6d22fc8f33818ba654b090f38d6cccbbc36ea3b99852c5caf12758c7686eef,True,,,1,0,69.615172,554.884328,6,1084,4,1056
20260726_formal4t4_reuse_intensive_Ideal_rep0,0,Ideal,Ideal,13,reuse_intensive:rep0:req13,reuse_intensive,0,0,2,L0000,2048,0,0;1,False,1785001209.6236975,2048,2048,2048,0.00014591217041015625,False,False,False,False,2048,0.0,2,2,2080.0,False,cache_reused,False,False,0,0.0,33a5146a61588e57a40ef172b51f3cc5d6b2fadfddd98421a1a5e10dd87e3408,True,,,1,0,93.379671,281.043738,6,2108,4,2080
20260726_formal4t4_reuse_intensive_Ideal_rep0,0,Ideal,Ideal,14,reuse_intensive:rep0:req14,reuse_intensive,0,1,1,L0001,4096,3,3,True,1785001209.6237338,4096,4096,4096,2.1477599143981934,False,False,False,False,4096,79.92,1,1,4128.0,True,cache_reused,False,False,0,0.0,ec0d8f69600548f3df6db53582a3b6b0f18f1a8f9ea200c9f1487b6927889d80,True,,,1,0,270.101348,671.640929,6,4156,4,4128
20260726_formal4t4_reuse_intensive_Ideal_rep0,0,Ideal,Ideal,15,reuse_intensive:rep0:req15,reuse_intensive,0,1,2,L0001,4096,3,3,True,1785001209.6237614,4096,4096,4096,2.147787570953369,False,False,False,False,4096,77.92,1,1,4128.0,True,cache_reused,False,False,0,0.0,99ae49e65fb30df92600f6a58a4aa389c253aa9eb1cba04e66973e13d2d9b656,True,,,1,0,269.35691,670.963505,6,4156,4,4128
20260726_formal4t4_reuse_intensive_Ideal_rep0,0,Ideal,Ideal,16,reuse_intensive:rep0:req16,reuse_intensive,0,5,0,L0005,2048,0,,False,1785001210.2982223,0,0,0,,False,False,False,False,0,0.0,0,0,32.0,False,cache_miss,False,False,0,0.0,9876aaba4ee658a340896f5e789ad49b6cc480bdeca3e019de426b9c9151ac6d,True,,,1,0,1455.956004,1695.921849,6,2108,4,32
20260726_formal4t4_reuse_intensive_Ideal_rep0,0,Ideal,Ideal,17,reuse_intensive:rep0:req17,reuse_intensive,0,1,0,L0001,4096,3,3,True,1785001210.2982717,4096,4096,4096,0.000377655029296875,False,False,False,False,4096,81.92,1,1,4128.0,True,cache_reused,False,False,0,0.0,a1e9c4e7c91274dc7c9a82fd34487bb61154c07fe592caf8ccaeea428ddf1e7f,True,,,1,0,161.152106,493.993613,6,4156,4,4128
20260726_formal4t4_reuse_intensive_Ideal_rep0,0,Ideal,Ideal,18,reuse_intensive:rep0:req18,reuse_intensive,0,24,0,L0024,1024,2,,False,1785001210.2982986,0,0,0,,False,False,False,False,0,0.0,0,0,32.0,False,cache_miss,False,False,0,0.0,5524831e00971b969b9f7eeabc0cd2aea90e05774beab269b1554b99ef6b9c5d,True,,,1,0,342.451919,456.222575,6,1084,4,32
20260726_formal4t4_reuse_intensive_Ideal_rep0,0,Ideal,Ideal,19,reuse_intensive:rep0:req19,reuse_intensive,0,0,0,L0000,2048,1,0;1,False,1785001210.2983327,2048,2048,2048,0.6747591495513916,False,False,False,False,2048,0.0,2,2,2080.0,False,cache_reused,False,False,0,0.0,9c2d173951353435c9df664c82d0d94e6468c60c25c4886f2137fc7e98e67345,True,,,1,0,80.236872,252.997121,6,2108,4,2080
20260726_formal4t4_reuse_intensive_Ideal_rep0,0,Ideal,Ideal,20,reuse_intensive:rep0:req20,reuse_intensive,0,1,1,L0001,4096,3,3,True,1785001211.9954114,4096,4096,4096,0.0006582736968994141,False,False,False,False,4096,81.92,1,1,4128.0,True,cache_reused,False,False,0,0.0,a1e74d8b3ec75aca4172ac877f7d0865d8e8aa8c14b8fd1647cd0664930210d1,True,,,1,0,162.395921,495.995569,6,4156,4,4128
20260726_formal4t4_reuse_intensive_Ideal_rep0,0,Ideal,Ideal,21,reuse_intensive:rep0:req21,reuse_intensive,0,24,1,L0024,1024,2,2,False,1785001211.995457,1024,1024,1024,0.0003600120544433594,False,False,False,False,1024,0.0,1,1,1056.0,False,cache_reused,False,False,0,0.0,8432dd8ee5187fd224ded447b3208a6b05ab5c1afa6be9159b8dc49284f9acff,True,,,1,0,58.714442,165.110765,6,1084,4,1056
20260726_formal4t4_reuse_intensive_Ideal_rep0,0,Ideal,Ideal,22,reuse_intensive:rep0:req22,reuse_intensive,0,9,1,L0009,2048,0,0,False,1785001211.9954903,2048,2048,2048,2.9420406818389893,False,False,False,False,2048,0.0,1,1,2080.0,False,cache_reused,False,False,0,0.0,4d8b517a9684cc80876ce846a9b45b36df58b23af1a9253a38082c5984ac4aa2,True,,,1,0,88.702451,254.059985,6,2108,4,2080
20260726_formal4t4_reuse_intensive_Ideal_rep0,0,Ideal,Ideal,23,reuse_intensive:rep0:req23,reuse_intensive,0,0,1,L0000,2048,1,0;1,False,1785001211.9955225,2048,2048,2048,0.0003249645233154297,False,False,False,False,2048,0.0,2,2,2080.0,False,cache_reused,False,False,0,0.0,c564867464509ee48c86232179cb6b79ce0cb327b582d0c166cf117ef6701cf1,True,,,1,0,92.669984,272.573251,6,2108,4,2080
20260726_formal4t4_reuse_intensive_Ideal_rep0,0,Ideal,Ideal,24,reuse_intensive:rep0:req24,reuse_intensive,1,32,0,L0032,4096,2,,False,1785001212.4926407,0,0,0,,False,False,False,False,0,0.0,0,0,32.0,False,cache_miss,False,False,0,0.0,8c69af3644cf0b6b4d1076442692a94e17d56ba34e4cd0e01fb13b4a250b2e23,True,,,1,0,3355.697944,3652.110002,6,4156,4,32
20260726_formal4t4_reuse_intensive_Ideal_rep0,0,Ideal,Ideal,25,reuse_intensive:rep0:req25,reuse_intensive,1,34,0,L0034,2048,0,,False,1785001212.492678,0,0,0,,False,False,False,False,0,0.0,0,0,32.0,False,cache_miss,False,False,0,0.0,dd6e33f45ac1c194d5812280a14ddd7779bede1b09e15b7e32b26f5e4ab2da2b,True,,,1,0,1221.534627,1420.139758,6,2108,4,32
20260726_formal4t4_reuse_intensive_Ideal_rep0,0,Ideal,Ideal,26,reuse_intensive:rep0:req26,reuse_intensive,1,42,0,L0042,4096,1,,False,1785001212.492703,0,0,0,,False,False,False,False,0,0.0,0,0,32.0,False,cache_miss,False,False,0,0.0,7f387f0dd468ce2afb4ab608d499a4c083bbf0604ce4f09f41b9b8ef26e07b08,True,,,1,0,3671.258652,3970.101211,6,4156,4,32
20260726_formal4t4_reuse_intensive_Ideal_rep0,0,Ideal,Ideal,27,reuse_intensive:rep0:req27,reuse_intensive,1,35,0,L0035,2048,3,,False,1785001212.4927235,0,0,0,,False,False,False,False,0,0.0,0,0,32.0,False,cache_miss,False,False,0,0.0,ff9744e6e3a7ca6bbc4891ac9e0a4c6c3ef30cc45af36f7d8e9cf231e672527d,True,,,1,0,1157.218271,1331.545625,6,2108,4,32
20260726_formal4t4_reuse_intensive_Ideal_rep0,0,Ideal,Ideal,28,reuse_intensive:rep0:req28,reuse_intensive,1,36,0,L0036,2048,2,,False,1785001216.4660738,0,0,0,,False,False,False,False,0,0.0,0,0,32.0,False,cache_miss,False,False,0,0.0,246a425aa0892dd72d845ff1e2931c7e541191779045b232177cc50b06da4dfb,True,,,1,0,1398.376975,1865.959457,6,2108,4,32
20260726_formal4t4_reuse_intensive_Ideal_rep0,0,Ideal,Ideal,29,reuse_intensive:rep0:req29,reuse_intensive,1,32,1,L0032,4096,2,2,True,1785001216.4661248,4096,4096,4096,0.0011179447174072266,False,False,False,False,4096,79.92,1,1,4128.0,True,cache_reused,False,False,0,0.0,1f78bd3830ce52c7df47102f6ae6a1101d06d4c6622604a5e3b1b137641e65dc,True,,,1,0,1397.41032,1864.769217,6,4156,4,4128
20260726_formal4t4_reuse_intensive_Ideal_rep0,0,Ideal,Ideal,30,reuse_intensive:rep0:req30,reuse_intensive,1,35,1,L0035,2048,3,3,True,1785001216.4661624,2048,2048,2048,0.0003304481506347656,False,False,False,False,2048,40.96,1,1,2080.0,True,cache_reused,False,False,0,0.0,db538df159e1927475a213bfb690bb85f841004a63b1e4acd1d871010cca641d,True,,,1,0,158.166077,395.658801,6,2108,4,2080
20260726_formal4t4_reuse_intensive_Ideal_rep0,0,Ideal,Ideal,31,reuse_intensive:rep0:req31,reuse_intensive,1,33,0,L0033,4096,1,,False,1785001216.4661875,0,0,0,,False,False,False,False,0,0.0,0,0,32.0,False,cache_miss,False,False,0,0.0,07ad45cdfaa63812c0107b26cefe41b87eaf7227a6e37996f8773d6eb88d6853,True,,,1,0,3720.890576,4033.84093,6,4156,4,32
20260726_formal4t4_reuse_intensive_Ideal_rep0,0,Ideal,Ideal,32,reuse_intensive:rep0:req32,reuse_intensive,1,39,0,L0039,2048,0,,False,1785001220.5045571,0,0,0,,False,False,False,False,0,0.0,0,0,32.0,False,cache_miss,False,False,0,0.0,1e98437f782deff6fe68bceba7b9fe50bb12f149556b330d7a62dbf8c1204a3a,True,,,1,0,1451.602786,1675.267114,6,2108,4,32
20260726_formal4t4_reuse_intensive_Ideal_rep0,0,Ideal,Ideal,33,reuse_intensive:rep0:req33,reuse_intensive,1,32,2,L0032,4096,2,2,False,1785001220.504609,4096,4096,4096,0.0008895397186279297,False,False,False,False,4096,0.0,1,1,4128.0,False,cache_reused,False,False,0,0.0,734f4bd21bfee19cc6634a43a72b0aa6c84682e5c3982bc3224cd354d1957645,True,,,1,0,258.108833,617.633814,6,4156,4,4128
20260726_formal4t4_reuse_intensive_Ideal_rep0,0,Ideal,Ideal,34,reuse_intensive:rep0:req34,reuse_intensive,1,37,0,L0037,4096,3,,False,1785001220.5046384,0,0,0,,False,False,False,False,0,0.0,0,0,32.0,False,cache_miss,False,False,0,0.0,82e4b02878c327157415e79f0523f3dc2551c495f73dc408614b8217bbf0ac20,True,,,1,0,4071.290501,4419.813321,6,4156,4,32
20260726_formal4t4_reuse_intensive_Ideal_rep0,0,Ideal,Ideal,35,reuse_intensive:rep0:req35,reuse_intensive,1,32,0,L0032,4096,2,2,True,1785001220.5046694,4096,4096,4096,0.000949859619140625,False,False,False,False,4096,79.92,1,1,4128.0,True,cache_reused,False,False,0,0.0,4384e3d24d66abdcbc1d0d2714f02d9484746ac19651c5773c6307deab8d593a,True,,,1,0,393.300159,716.171377,6,4156,4,4128
20260726_formal4t4_reuse_intensive_Ideal_rep0,0,Ideal,Ideal,36,reuse_intensive:rep0:req36,reuse_intensive,1,34,1,L0034,2048,0,0,True,1785001224.9277492,2048,2048,2048,8.46238899230957,False,False,False,False,2048,40.96,1,1,2080.0,True,cache_reused,False,False,0,0.0,1824428c2bf56679bf5f79dd936a781e450b6da183ae81d41235968509964932,True,,,1,0,179.828668,421.998433,6,2108,4,2080
20260726_formal4t4_reuse_intensive_Ideal_rep0,0,Ideal,Ideal,37,reuse_intensive:rep0:req37,reuse_intensive,1,33,1,L0033,4096,1,1,True,1785001224.9278095,4096,4096,4096,4.4235804080963135,False,False,False,False,4096,81.92,1,1,4128.0,True,cache_reused,False,False,0,0.0,81f69868e96c28bda0d08f23c2d186851e840cac891084b5f8322035e3610c45,True,,,1,0,230.260734,616.436643,6,4156,4,4128
20260726_formal4t4_reuse_intensive_Ideal_rep0,0,Ideal,Ideal,38,reuse_intensive:rep0:req38,reuse_intensive,1,32,1,L0032,4096,2,2,False,1785001224.927846,4096,4096,4096,0.0004372596740722656,False,False,False,False,4096,0.0,1,1,4128.0,False,cache_reused,False,False,0,0.0,b9174c4634c73348554824b6089656836b21f586d7fa6e9571bef4b84d8569ff,True,,,1,0,252.758423,586.769815,6,4156,4,4128
20260726_formal4t4_reuse_intensive_Ideal_rep0,0,Ideal,Ideal,39,reuse_intensive:rep0:req39,reuse_intensive,1,33,2,L0033,4096,1,1,True,1785001224.927876,4096,4096,4096,4.423646926879883,False,False,False,False,4096,79.92,1,1,4128.0,True,cache_reused,False,False,0,0.0,d42a6f3203dc7ac4ab3438e4be1453ba144f8def4143622e32e775abe10e0a86,True,,,1,0,389.156207,720.604867,6,4156,4,4128
20260726_formal4t4_reuse_intensive_Ideal_rep0,0,Ideal,Ideal,40,reuse_intensive:rep0:req40,reuse_intensive,1,60,0,L0060,1024,2,,False,1785001225.652228,0,0,0,,False,False,False,False,0,0.0,0,0,32.0,False,cache_miss,False,False,0,0.0,05b1cecb3277f8e93e803297fdb7d10f74d02a7468e2f2cbbfb8f9cd4d6e6423,True,,,1,0,434.713238,739.390378,6,1084,4,32
20260726_formal4t4_reuse_intensive_Ideal_rep0,0,Ideal,Ideal,41,reuse_intensive:rep0:req41,reuse_intensive,1,36,1,L0036,2048,2,2,True,1785001225.6522782,2048,2048,2048,5.148773431777954,False,False,False,False,2048,38.96,1,1,2080.0,True,cache_reused,False,False,0,0.0,6a4d40cac55a584db84f36f00a3f52d326346320c873a9092f9525ca12e0b03a,True,,,1,0,545.76905,809.896432,6,2108,4,2080
20260726_formal4t4_reuse_intensive_Ideal_rep0,0,Ideal,Ideal,42,reuse_intensive:rep0:req42,reuse_intensive,1,33,0,L0033,4096,1,1,True,1785001225.6523156,4096,4096,4096,0.0004105567932128906,False,False,False,False,4096,81.92,1,1,4128.0,True,cache_reused,False,False,0,0.0,c0ad3a21b8304bcf95d2fca89adec1c66f243e304c15037537dd5fa5f7e92ad8,True,,,1,0,166.781171,501.742666,6,4156,4,4128
20260726_formal4t4_reuse_intensive_Ideal_rep0,0,Ideal,Ideal,43,reuse_intensive:rep0:req43,reuse_intensive,1,33,1,L0033,4096,1,1,True,1785001225.6523457,4096,4096,4096,0.0004405975341796875,False,False,False,False,4096,79.92,1,1,4128.0,True,cache_reused,False,False,0,0.0,08ede221969b82329cb28eea1ed7ee7023a4a50aa6f3bae1e7c9f39b7ba48f07,True,,,1,0,277.499693,605.403256,6,4156,4,4128
20260726_formal4t4_reuse_intensive_Ideal_rep0,0,Ideal,Ideal,44,reuse_intensive:rep0:req44,reuse_intensive,1,32,2,L0032,4096,2,2,True,1785001226.464258,4096,4096,4096,0.8126592636108398,False,False,False,False,4096,81.92,1,1,4128.0,True,cache_reused,False,False,0,0.0,cc6e0ab9ff75221bafc4d6f826b2a2d1a0b8863b3c3acd8884fa4f8d2dd1c68e,True,,,1,0,132.985788,437.71218,6,4156,4,4128
20260726_formal4t4_reuse_intensive_Ideal_rep0,0,Ideal,Ideal,45,reuse_intensive:rep0:req45,reuse_intensive,1,34,2,L0034,2048,0,0,True,1785001226.464306,2048,2048,2048,0.8132402896881104,False,False,False,False,2048,40.96,1,1,2080.0,True,cache_reused,False,False,0,0.0,fd1fd8261262393d3a40e6bb1dbfeca6729011dc8a862022e59473f01daaca29,True,,,1,0,100.400277,316.119123,6,2108,4,2080
20260726_formal4t4_reuse_intensive_Ideal_rep0,0,Ideal,Ideal,46,reuse_intensive:rep0:req46,reuse_intensive,1,62,0,L0062,4096,3,,False,1785001226.4643328,0,0,0,,False,False,False,False,0,0.0,0,0,32.0,False,cache_miss,False,False,0,0.0,762d3d411116511f87ed15a2382951d26a7b52a7538e1a99e6914fd874dcea55,True,,,1,0,3710.819451,4052.032508,6,4156,4,32
20260726_formal4t4_reuse_intensive_Ideal_rep0,0,Ideal,Ideal,47,reuse_intensive:rep0:req47,reuse_intensive,1,34,0,L0034,2048,0,0,True,1785001226.464363,2048,2048,2048,0.8132972717285156,False,False,False,False,2048,38.96,1,1,2080.0,True,cache_reused,False,False,0,0.0,6495d6c1b140851d6a0645f6134de3a8e4ebf7f12a90a5a086f7e3f14376bd6a,True,,,1,0,171.965249,380.667038,6,2108,4,2080
20260726_formal4t4_reuse_intensive_Adaptive@rho1.0_rep0,0,Adaptive@rho1.0,Adaptive,12,reuse_intensive:rep0:req12,reuse_intensive,0,2,1,L0002,1024,2,,False,1785001237.133286,1024,0,0,6.107557773590088,True,True,False,False,0,0.0,0,0,32.0,False,cache_miss,False,False,0,0.0,ac6d22fc8f33818ba654b090f38d6cccbbc36ea3b99852c5caf12758c7686eef,True,,,1,0,422.094082,551.354674,6,1084,4,32
20260726_formal4t4_reuse_intensive_Adaptive@rho1.0_rep0,0,Adaptive@rho1.0,Adaptive,13,reuse_intensive:rep0:req13,reuse_intensive,0,0,2,L0000,2048,0,0;1,False,1785001237.13334,2048,2048,2048,2.2418341636657715,False,False,False,False,2048,0.0,2,2,2080.0,False,cache_reused,False,False,0,0.0,33a5146a61588e57a40ef172b51f3cc5d6b2fadfddd98421a1a5e10dd87e3408,True,,,1,0,87.351597,253.761523,6,2108,4,2080
20260726_formal4t4_reuse_intensive_Adaptive@rho1.0_rep0,0,Adaptive@rho1.0,Adaptive,14,reuse_intensive:rep0:req14,reuse_intensive,0,1,1,L0001,4096,3,3,False,1785001237.1333776,4096,4096,4096,2.2416718006134033,False,False,False,False,4096,0.0,1,1,4128.0,False,cache_reused,False,False,0,0.0,ec0d8f69600548f3df6db53582a3b6b0f18f1a8f9ea200c9f1487b6927889d80,True,,,1,0,159.768056,480.840593,6,4156,4,4128
20260726_formal4t4_reuse_intensive_Adaptive@rho1.0_rep0,0,Adaptive@rho1.0,Adaptive,15,reuse_intensive:rep0:req15,reuse_intensive,0,1,2,L0001,4096,3,3,True,1785001237.1334076,4096,4096,4096,2.24170184135437,False,False,False,False,4096,79.92,1,1,4128.0,True,cache_reused,False,False,0,0.0,99ae49e65fb30df92600f6a58a4aa389c253aa9eb1cba04e66973e13d2d9b656,True,,,1,0,268.745384,579.267442,6,4156,4,4128
20260726_formal4t4_reuse_intensive_Adaptive@rho1.0_rep0,0,Adaptive@rho1.0,Adaptive,16,reuse_intensive:rep0:req16,reuse_intensive,0,5,0,L0005,2048,1,,False,1785001237.71614,0,0,0,,False,False,False,False,0,0.0,0,0,32.0,False,cache_miss,False,False,0,0.0,9876aaba4ee658a340896f5e789ad49b6cc480bdeca3e019de426b9c9151ac6d,True,,,1,0,1061.182507,1235.90215,6,2108,4,32
20260726_formal4t4_reuse_intensive_Adaptive@rho1.0_rep0,0,Adaptive@rho1.0,Adaptive,17,reuse_intensive:rep0:req17,reuse_intensive,0,1,0,L0001,4096,3,3,True,1785001237.71619,4096,4096,4096,2.824484348297119,False,False,False,False,4096,81.92,1,1,4128.0,True,cache_reused,False,False,0,0.0,a1e9c4e7c91274dc7c9a82fd34487bb61154c07fe592caf8ccaeea428ddf1e7f,True,,,1,0,146.842133,441.293428,6,4156,4,4128
20260726_formal4t4_reuse_intensive_Adaptive@rho1.0_rep0,0,Adaptive@rho1.0,Adaptive,18,reuse_intensive:rep0:req18,reuse_intensive,0,24,0,L0024,1024,0,,False,1785001237.7162178,0,0,0,,False,False,False,False,0,0.0,0,0,32.0,False,cache_miss,False,False,0,0.0,5524831e00971b969b9f7eeabc0cd2aea90e05774beab269b1554b99ef6b9c5d,True,,,1,0,442.081587,711.25251,6,1084,4,32
20260726_formal4t4_reuse_intensive_Adaptive@rho1.0_rep0,0,Adaptive@rho1.0,Adaptive,19,reuse_intensive:rep0:req19,reuse_intensive,0,0,0,L0000,2048,0,0;1,True,1785001237.7162511,2048,2048,2048,2.8247454166412354,False,False,False,False,2048,38.96,2,2,2080.0,True,cache_reused,False,False,0,0.0,9c2d173951353435c9df664c82d0d94e6468c60c25c4886f2137fc7e98e67345,True,,,1,0,540.034196,764.965229,6,2108,4,2080
20260726_formal4t4_reuse_intensive_Adaptive@rho1.0_rep0,0,Adaptive@rho1.0,Adaptive,20,reuse_intensive:rep0:req20,reuse_intensive,0,1,1,L0001,4096,3,3,False,1785001238.953575,4096,4096,4096,4.061869144439697,False,False,False,False,4096,0.0,1,1,4128.0,False,cache_reused,False,False,0,0.0,a1e74d8b3ec75aca4172ac877f7d0865d8e8aa8c14b8fd1647cd0664930210d1,True,,,1,0,149.415505,451.188644,6,4156,4,4128
20260726_formal4t4_reuse_intensive_Adaptive@rho1.0_rep0,0,Adaptive@rho1.0,Adaptive,21,reuse_intensive:rep0:req21,reuse_intensive,0,24,1,L0024,1024,2,,False,1785001238.9536128,1024,0,0,7.927884578704834,True,True,False,False,0,0.0,0,0,32.0,False,cache_miss,False,False,0,0.0,8432dd8ee5187fd224ded447b3208a6b05ab5c1afa6be9159b8dc49284f9acff,True,,,1,0,496.552395,646.031671,6,1084,4,32
20260726_formal4t4_reuse_intensive_Adaptive@rho1.0_rep0,0,Adaptive@rho1.0,Adaptive,22,reuse_intensive:rep0:req22,reuse_intensive,0,9,1,L0009,2048,0,0,False,1785001238.9536486,2048,2048,2048,2.4948372840881348,False,False,False,False,2048,0.0,1,1,2080.0,False,cache_reused,False,False,0,0.0,4d8b517a9684cc80876ce846a9b45b36df58b23af1a9253a38082c5984ac4aa2,True,,,1,0,100.448693,305.569791,6,2108,4,2080
20260726_formal4t4_reuse_intensive_Adaptive@rho1.0_rep0,0,Adaptive@rho1.0,Adaptive,23,reuse_intensive:rep0:req23,reuse_intensive,0,0,1,L0000,2048,1,0;1,False,1785001238.9536824,2048,2048,2048,1.8204631805419922,False,False,False,False,2048,0.0,2,2,2080.0,False,cache_reused,False,False,0,0.0,c564867464509ee48c86232179cb6b79ce0cb327b582d0c166cf117ef6701cf1,True,,,1,0,89.597725,266.87707,6,2108,4,2080
20260726_formal4t4_reuse_intensive_Adaptive@rho1.0_rep0,0,Adaptive@rho1.0,Adaptive,24,reuse_intensive:rep0:req24,reuse_intensive,1,32,0,L0032,4096,2,,False,1785001239.6020172,0,0,0,,False,False,False,False,0,0.0,0,0,32.0,False,cache_miss,False,False,0,0.0,8c69af3644cf0b6b4d1076442692a94e17d56ba34e4cd0e01fb13b4a250b2e23,True,,,1,0,4226.121251,4572.783873,6,4156,4,32
20260726_formal4t4_reuse_intensive_Adaptive@rho1.0_rep0,0,Adaptive@rho1.0,Adaptive,25,reuse_intensive:rep0:req25,reuse_intensive,1,34,0,L0034,2048,3,,False,1785001239.6020544,0,0,0,,False,False,False,False,0,0.0,0,0,32.0,False,cache_miss,False,False,0,0.0,dd6e33f45ac1c194d5812280a14ddd7779bede1b09e15b7e32b26f5e4ab2da2b,True,,,1,0,1230.425727,1429.069831,6,2108,4,32
20260726_formal4t4_reuse_intensive_Adaptive@rho1.0_rep0,0,Adaptive@rho1.0,Adaptive,26,reuse_intensive:rep0:req26,reuse_intensive,1,42,0,L0042,4096,0,,False,1785001239.6020777,0,0,0,,False,False,False,False,0,0.0,0,0,32.0,False,cache_miss,False,False,0,0.0,7f387f0dd468ce2afb4ab608d499a4c083bbf0604ce4f09f41b9b8ef26e07b08,True,,,1,0,3719.818681,4045.385776,6,4156,4,32
20260726_formal4t4_reuse_intensive_Adaptive@rho1.0_rep0,0,Adaptive@rho1.0,Adaptive,27,reuse_intensive:rep0:req27,reuse_intensive,1,35,0,L0035,2048,1,,False,1785001239.6020975,0,0,0,,False,False,False,False,0,0.0,0,0,32.0,False,cache_miss,False,False,0,0.0,ff9744e6e3a7ca6bbc4891ac9e0a4c6c3ef30cc45af36f7d8e9cf231e672527d,True,,,1,0,1052.191096,1217.904028,6,2108,4,32
20260726_formal4t4_reuse_intensive_Adaptive@rho1.0_rep0,0,Adaptive@rho1.0,Adaptive,28,reuse_intensive:rep0:req28,reuse_intensive,1,36,0,L0036,2048,2,,False,1785001244.1764376,0,0,0,,False,False,False,False,0,0.0,0,0,32.0,False,cache_miss,False,False,0,0.0,246a425aa0892dd72d845ff1e2931c7e541191779045b232177cc50b06da4dfb,True,,,1,0,1300.982308,1499.495422,6,2108,4,32
20260726_formal4t4_reuse_intensive_Adaptive@rho1.0_rep0,0,Adaptive@rho1.0,Adaptive,29,reuse_intensive:rep0:req29,reuse_intensive,1,32,1,L0032,4096,0,,False,1785001244.1764739,4096,0,0,13.150745630264282,True,True,False,False,0,0.0,0,0,32.0,False,cache_miss,False,False,0,0.0,1f78bd3830ce52c7df47102f6ae6a1101d06d4c6622604a5e3b1b137641e65dc,True,,,1,0,3741.822894,4055.503767,6,4156,4,32
20260726_formal4t4_reuse_intensive_Adaptive@rho1.0_rep0,0,Adaptive@rho1.0,Adaptive,30,reuse_intensive:rep0:req30,reuse_intensive,1,35,1,L0035,2048,1,,False,1785001244.1765003,2048,0,0,13.150772094726562,True,True,False,False,0,0.0,0,0,2080.0,False,cache_reused,False,False,0,0.0,db538df159e1927475a213bfb690bb85f841004a63b1e4acd1d871010cca641d,True,,,1,0,148.564956,371.345179,6,2108,4,2080
20260726_formal4t4_reuse_intensive_Adaptive@rho1.0_rep0,0,Adaptive@rho1.0,Adaptive,31,reuse_intensive:rep0:req31,reuse_intensive,1,33,0,L0033,4096,3,,False,1785001244.1765223,0,0,0,,False,False,False,False,0,0.0,0,0,32.0,False,cache_miss,False,False,0,0.0,07ad45cdfaa63812c0107b26cefe41b87eaf7227a6e37996f8773d6eb88d6853,True,,,1,0,3501.368973,3785.726547,6,4156,4,32
20260726_formal4t4_reuse_intensive_Adaptive@rho1.0_rep0,0,Adaptive@rho1.0,Adaptive,32,reuse_intensive:rep0:req32,reuse_intensive,1,39,0,L0039,2048,2,,False,1785001248.23439,0,0,0,,False,False,False,False,0,0.0,0,0,32.0,False,cache_miss,False,False,0,0.0,1e98437f782deff6fe68bceba7b9fe50bb12f149556b330d7a62dbf8c1204a3a,True,,,1,0,1198.373126,1367.267718,6,2108,4,32
20260726_formal4t4_reuse_intensive_Adaptive@rho1.0_rep0,0,Adaptive@rho1.0,Adaptive,33,reuse_intensive:rep0:req33,reuse_intensive,1,32,2,L0032,4096,1,,False,1785001248.234427,4096,0,0,17.208698749542236,True,True,False,False,0,0.0,0,0,32.0,False,cache_miss,False,False,0,0.0,734f4bd21bfee19cc6634a43a72b0aa6c84682e5c3982bc3224cd354d1957645,True,,,1,0,3533.87593,3828.506911,6,4156,4,32
20260726_formal4t4_reuse_intensive_Adaptive@rho1.0_rep0,0,Adaptive@rho1.0,Adaptive,34,reuse_intensive:rep0:req34,reuse_intensive,1,37,0,L0037,4096,0,,False,1785001248.2344542,0,0,0,,False,False,False,False,0,0.0,0,0,32.0,False,cache_miss,False,False,0,0.0,82e4b02878c327157415e79f0523f3dc2551c495f73dc408614b8217bbf0ac20,True,,,1,0,3927.207355,4237.228113,6,4156,4,32
20260726_formal4t4_reuse_intensive_Adaptive@rho1.0_rep0,0,Adaptive@rho1.0,Adaptive,35,reuse_intensive:rep0:req35,reuse_intensive,1,32,0,L0032,4096,3,,False,1785001248.2344744,4096,0,0,17.208746194839478,True,True,False,False,0,0.0,0,0,32.0,False,cache_miss,False,False,0,0.0,4384e3d24d66abdcbc1d0d2714f02d9484746ac19651c5773c6307deab8d593a,True,,,1,0,3469.567052,3749.851228,6,4156,4,32
20260726_formal4t4_reuse_intensive_Adaptive@rho1.0_rep0,0,Adaptive@rho1.0,Adaptive,36,reuse_intensive:rep0:req36,reuse_intensive,1,34,1,L0034,2048,2,,False,1785001252.5559387,2048,0,0,21.530210494995117,True,True,False,False,0,0.0,0,0,32.0,False,cache_miss,False,False,0,0.0,1824428c2bf56679bf5f79dd936a781e450b6da183ae81d41235968509964932,True,,,1,0,1197.151358,1380.354629,6,2108,4,32
20260726_formal4t4_reuse_intensive_Adaptive@rho1.0_rep0,0,Adaptive@rho1.0,Adaptive,37,reuse_intensive:rep0:req37,reuse_intensive,1,33,1,L0033,4096,3,,False,1785001252.5559607,4096,0,0,21.530232429504395,True,True,False,False,0,0.0,0,0,4128.0,False,cache_reused,False,False,0,0.0,81f69868e96c28bda0d08f23c2d186851e840cac891084b5f8322035e3610c45,True,,,1,0,129.824208,416.098412,6,4156,4,4128
20260726_formal4t4_reuse_intensive_Adaptive@rho1.0_rep0,0,Adaptive@rho1.0,Adaptive,38,reuse_intensive:rep0:req38,reuse_intensive,1,32,1,L0032,4096,0,,False,1785001252.5559733,4096,0,0,21.530245065689087,True,True,False,False,0,0.0,0,0,4128.0,False,cache_reused,False,False,0,0.0,b9174c4634c73348554824b6089656836b21f586d7fa6e9571bef4b84d8569ff,True,,,1,0,134.987186,451.618315,6,4156,4,4128
20260726_formal4t4_reuse_intensive_Adaptive@rho1.0_rep0,0,Adaptive@rho1.0,Adaptive,39,reuse_intensive:rep0:req39,reuse_intensive,1,33,2,L0033,4096,1,,False,1785001252.5559855,4096,0,0,21.53025722503662,True,True,False,False,0,0.0,0,0,32.0,False,cache_miss,False,False,0,0.0,d42a6f3203dc7ac4ab3438e4be1453ba144f8def4143622e32e775abe10e0a86,True,,,1,0,3911.218615,4240.241985,6,4156,4,32
20260726_formal4t4_reuse_intensive_Adaptive@rho1.0_rep0,0,Adaptive@rho1.0,Adaptive,40,reuse_intensive:rep0:req40,reuse_intensive,1,60,0,L0060,1024,2,,False,1785001256.799249,0,0,0,,False,False,False,False,0,0.0,0,0,32.0,False,cache_miss,False,False,0,0.0,05b1cecb3277f8e93e803297fdb7d10f74d02a7468e2f2cbbfb8f9cd4d6e6423,True,,,1,0,558.018098,697.375786,6,1084,4,32
20260726_formal4t4_reuse_intensive_Adaptive@rho1.0_rep0,0,Adaptive@rho1.0,Adaptive,41,reuse_intensive:rep0:req41,reuse_intensive,1,36,1,L0036,2048,0,,False,1785001256.799284,2048,0,0,25.773555755615234,True,True,False,False,0,0.0,0,0,32.0,False,cache_miss,False,False,0,0.0,6a4d40cac55a584db84f36f00a3f52d326346320c873a9092f9525ca12e0b03a,True,,,1,0,1278.603439,1473.237761,6,2108,4,32
20260726_formal4t4_reuse_intensive_Adaptive@rho1.0_rep0,0,Adaptive@rho1.0,Adaptive,42,reuse_intensive:rep0:req42,reuse_intensive,1,33,0,L0033,4096,1,,False,1785001256.799311,4096,0,0,25.773582696914673,True,True,False,False,0,0.0,0,0,4128.0,False,cache_reused,False,False,0,0.0,c0ad3a21b8304bcf95d2fca89adec1c66f243e304c15037537dd5fa5f7e92ad8,True,,,1,0,159.396758,483.229572,6,4156,4,4128
20260726_formal4t4_reuse_intensive_Adaptive@rho1.0_rep0,0,Adaptive@rho1.0,Adaptive,43,reuse_intensive:rep0:req43,reuse_intensive,1,33,1,L0033,4096,3,,False,1785001256.7993343,4096,0,0,25.773606061935425,True,True,False,False,0,0.0,0,0,4128.0,False,cache_reused,False,False,0,0.0,08ede221969b82329cb28eea1ed7ee7023a4a50aa6f3bae1e7c9f39b7ba48f07,True,,,1,0,245.007288,584.677286,6,4156,4,4128
20260726_formal4t4_reuse_intensive_Adaptive@rho1.0_rep0,0,Adaptive@rho1.0,Adaptive,44,reuse_intensive:rep0:req44,reuse_intensive,1,32,2,L0032,4096,2,2,False,1785001258.274758,4096,4096,4096,14.099579334259033,False,False,False,False,4096,0.0,1,1,4128.0,False,cache_reused,False,False,0,0.0,cc6e0ab9ff75221bafc4d6f826b2a2d1a0b8863b3c3acd8884fa4f8d2dd1c68e,True,,,1,0,169.549137,522.385275,6,4156,4,4128
20260726_formal4t4_reuse_intensive_Adaptive@rho1.0_rep0,0,Adaptive@rho1.0,Adaptive,45,reuse_intensive:rep0:req45,reuse_intensive,1,34,2,L0034,2048,3,,False,1785001258.2748094,2048,0,0,27.249081134796143,True,True,False,False,0,0.0,0,0,2080.0,False,cache_reused,False,False,0,0.0,fd1fd8261262393d3a40e6bb1dbfeca6729011dc8a862022e59473f01daaca29,True,,,1,0,94.641982,299.696754,6,2108,4,2080
20260726_formal4t4_reuse_intensive_Adaptive@rho1.0_rep0,0,Adaptive@rho1.0,Adaptive,46,reuse_intensive:rep0:req46,reuse_intensive,1,62,0,L0062,4096,1,,False,1785001258.274837,0,0,0,,False,False,False,False,0,0.0,0,0,32.0,False,cache_miss,False,False,0,0.0,762d3d411116511f87ed15a2382951d26a7b52a7538e1a99e6914fd874dcea55,True,,,1,0,3543.830383,3839.101431,6,4156,4,32
20260726_formal4t4_reuse_intensive_Adaptive@rho1.0_rep0,0,Adaptive@rho1.0,Adaptive,47,reuse_intensive:rep0:req47,reuse_intensive,1,34,0,L0034,2048,0,,False,1785001258.274858,2048,0,0,27.24912977218628,True,True,False,False,0,0.0,0,0,32.0,False,cache_miss,False,False,0,0.0,6495d6c1b140851d6a0645f6134de3a8e4ebf7f12a90a5a086f7e3f14376bd6a,True,,,1,0,1374.743033,1598.664764,6,2108,4,32
20260726_formal4t4_reuse_intensive_FullSync@rho1.0_rep0,0,FullSync@rho1.0,FullSync,12,reuse_intensive:rep0:req12,reuse_intensive,0,2,1,L0002,1024,2,,False,1785001286.2138577,1024,0,0,6.22052526473999,True,True,False,False,0,0.0,0,0,32.0,False,cache_miss,False,False,0,0.0,ac6d22fc8f33818ba654b090f38d6cccbbc36ea3b99852c5caf12758c7686eef,True,,,1,0,454.135887,585.790704,6,1084,4,32
20260726_formal4t4_reuse_intensive_FullSync@rho1.0_rep0,0,FullSync@rho1.0,FullSync,13,reuse_intensive:rep0:req13,reuse_intensive,0,0,2,L0000,2048,0,0;1,False,1785001286.2139137,2048,2048,2048,2.1539885997772217,False,False,False,False,2048,0.0,2,2,2080.0,False,cache_reused,False,False,0,0.0,33a5146a61588e57a40ef172b51f3cc5d6b2fadfddd98421a1a5e10dd87e3408,True,,,1,0,96.232115,313.507544,6,2108,4,2080
20260726_formal4t4_reuse_intensive_FullSync@rho1.0_rep0,0,FullSync@rho1.0,FullSync,14,reuse_intensive:rep0:req14,reuse_intensive,0,1,1,L0001,4096,3,3,False,1785001286.2139513,4096,4096,4096,2.1538379192352295,False,False,False,False,4096,0.0,1,1,4128.0,False,cache_reused,False,False,0,0.0,ec0d8f69600548f3df6db53582a3b6b0f18f1a8f9ea200c9f1487b6927889d80,True,,,1,0,153.634604,479.902048,6,4156,4,4128
20260726_formal4t4_reuse_intensive_FullSync@rho1.0_rep0,0,FullSync@rho1.0,FullSync,15,reuse_intensive:rep0:req15,reuse_intensive,0,1,2,L0001,4096,3,3,True,1785001286.213982,4096,4096,4096,2.1538686752319336,False,False,False,False,4096,79.92,1,1,4128.0,True,cache_reused,False,False,0,0.0,99ae49e65fb30df92600f6a58a4aa389c253aa9eb1cba04e66973e13d2d9b656,True,,,1,0,263.950565,578.386112,6,4156,4,4128
20260726_formal4t4_reuse_intensive_FullSync@rho1.0_rep0,0,FullSync@rho1.0,FullSync,16,reuse_intensive:rep0:req16,reuse_intensive,0,5,0,L0005,2048,1,,False,1785001286.8004937,0,0,0,,False,False,False,False,0,0.0,0,0,32.0,False,cache_miss,False,False,0,0.0,9876aaba4ee658a340896f5e789ad49b6cc480bdeca3e019de426b9c9151ac6d,True,,,1,0,1179.404867,1366.715406,6,2108,4,32
20260726_formal4t4_reuse_intensive_FullSync@rho1.0_rep0,0,FullSync@rho1.0,FullSync,17,reuse_intensive:rep0:req17,reuse_intensive,0,1,0,L0001,4096,3,3,True,1785001286.8005133,4096,4096,4096,2.7403998374938965,False,False,False,False,4096,81.92,1,1,4128.0,True,cache_reused,False,False,0,0.0,a1e9c4e7c91274dc7c9a82fd34487bb61154c07fe592caf8ccaeea428ddf1e7f,True,,,1,0,143.047451,441.85016,6,4156,4,4128
20260726_formal4t4_reuse_intensive_FullSync@rho1.0_rep0,0,FullSync@rho1.0,FullSync,18,reuse_intensive:rep0:req18,reuse_intensive,0,24,0,L0024,1024,0,,False,1785001286.800523,0,0,0,,False,False,False,False,0,0.0,0,0,32.0,False,cache_miss,False,False,0,0.0,5524831e00971b969b9f7eeabc0cd2aea90e05774beab269b1554b99ef6b9c5d,True,,,1,0,359.465308,669.888178,6,1084,4,32
20260726_formal4t4_reuse_intensive_FullSync@rho1.0_rep0,0,FullSync@rho1.0,FullSync,19,reuse_intensive:rep0:req19,reuse_intensive,0,0,0,L0000,2048,0,0;1,True,1785001286.8005354,2048,2048,2048,2.740610361099243,False,False,False,False,2048,38.96,2,2,2080.0,True,cache_reused,False,False,0,0.0,9c2d173951353435c9df664c82d0d94e6468c60c25c4886f2137fc7e98e67345,True,,,1,0,470.407106,740.997612,6,2108,4,2080
20260726_formal4t4_reuse_intensive_FullSync@rho1.0_rep0,0,FullSync@rho1.0,FullSync,20,reuse_intensive:rep0:req20,reuse_intensive,0,1,1,L0001,4096,3,3,False,1785001288.1687317,4096,4096,4096,4.108618259429932,False,False,False,False,4096,0.0,1,1,4128.0,False,cache_reused,False,False,0,0.0,a1e74d8b3ec75aca4172ac877f7d0865d8e8aa8c14b8fd1647cd0664930210d1,True,,,1,0,149.810656,447.344666,6,4156,4,4128
20260726_formal4t4_reuse_intensive_FullSync@rho1.0_rep0,0,FullSync@rho1.0,FullSync,21,reuse_intensive:rep0:req21,reuse_intensive,0,24,1,L0024,1024,2,,False,1785001288.1687956,1024,0,0,8.175463199615479,True,True,False,False,0,0.0,0,0,32.0,False,cache_miss,False,False,0,0.0,8432dd8ee5187fd224ded447b3208a6b05ab5c1afa6be9159b8dc49284f9acff,True,,,1,0,493.097109,651.443765,6,1084,4,32
20260726_formal4t4_reuse_intensive_FullSync@rho1.0_rep0,0,FullSync@rho1.0,FullSync,22,reuse_intensive:rep0:req22,reuse_intensive,0,9,1,L0009,2048,0,,False,1785001288.1688235,2048,0,0,8.175491094589233,True,True,False,False,0,0.0,0,0,2080.0,False,cache_reused,False,False,0,0.0,4d8b517a9684cc80876ce846a9b45b36df58b23af1a9253a38082c5984ac4aa2,True,,,1,0,102.18767,306.875408,6,2108,4,2080
20260726_formal4t4_reuse_intensive_FullSync@rho1.0_rep0,0,FullSync@rho1.0,FullSync,23,reuse_intensive:rep0:req23,reuse_intensive,0,0,1,L0000,2048,1,0;1,False,1785001288.1688602,2048,2048,2048,4.1087870597839355,False,False,False,False,2048,0.0,2,2,2080.0,False,cache_reused,False,False,0,0.0,c564867464509ee48c86232179cb6b79ce0cb327b582d0c166cf117ef6701cf1,True,,,1,0,98.538655,301.826445,6,2108,4,2080
20260726_formal4t4_reuse_intensive_FullSync@rho1.0_rep0,0,FullSync@rho1.0,FullSync,24,reuse_intensive:rep0:req24,reuse_intensive,1,32,0,L0032,4096,1,,False,1785001288.8219407,0,0,0,,False,False,False,False,0,0.0,0,0,32.0,False,cache_miss,False,False,0,0.0,8c69af3644cf0b6b4d1076442692a94e17d56ba34e4cd0e01fb13b4a250b2e23,True,,,1,0,3577.58873,3890.032584,6,4156,4,32
20260726_formal4t4_reuse_intensive_FullSync@rho1.0_rep0,0,FullSync@rho1.0,FullSync,25,reuse_intensive:rep0:req25,reuse_intensive,1,34,0,L0034,2048,2,,False,1785001288.821955,0,0,0,,False,False,False,False,0,0.0,0,0,32.0,False,cache_miss,False,False,0,0.0,dd6e33f45ac1c194d5812280a14ddd7779bede1b09e15b7e32b26f5e4ab2da2b,True,,,1,0,1224.981619,1405.969906,6,2108,4,32
20260726_formal4t4_reuse_intensive_FullSync@rho1.0_rep0,0,FullSync@rho1.0,FullSync,26,reuse_intensive:rep0:req26,reuse_intensive,1,42,0,L0042,4096,3,,False,1785001288.8219635,0,0,0,,False,False,False,False,0,0.0,0,0,32.0,False,cache_miss,False,False,0,0.0,7f387f0dd468ce2afb4ab608d499a4c083bbf0604ce4f09f41b9b8ef26e07b08,True,,,1,0,3559.49467,3857.51033,6,4156,4,32
20260726_formal4t4_reuse_intensive_FullSync@rho1.0_rep0,0,FullSync@rho1.0,FullSync,27,reuse_intensive:rep0:req27,reuse_intensive,1,35,0,L0035,2048,0,,False,1785001288.8219702,0,0,0,,False,False,False,False,0,0.0,0,0,32.0,False,cache_miss,False,False,0,0.0,ff9744e6e3a7ca6bbc4891ac9e0a4c6c3ef30cc45af36f7d8e9cf231e672527d,True,,,1,0,1181.622677,1384.677266,6,2108,4,32
20260726_formal4t4_reuse_intensive_FullSync@rho1.0_rep0,0,FullSync@rho1.0,FullSync,28,reuse_intensive:rep0:req28,reuse_intensive,1,36,0,L0036,2048,1,,False,1785001292.7134752,0,0,0,,False,False,False,False,0,0.0,0,0,32.0,False,cache_miss,False,False,0,0.0,246a425aa0892dd72d845ff1e2931c7e541191779045b232177cc50b06da4dfb,True,,,1,0,1238.064846,1446.641094,6,2108,4,32
20260726_formal4t4_reuse_intensive_FullSync@rho1.0_rep0,0,FullSync@rho1.0,FullSync,29,reuse_intensive:rep0:req29,reuse_intensive,1,32,1,L0032,4096,3,,False,1785001292.7135117,4096,0,0,12.720179319381714,True,True,False,False,0,0.0,0,0,32.0,False,cache_miss,False,False,0,0.0,1f78bd3830ce52c7df47102f6ae6a1101d06d4c6622604a5e3b1b137641e65dc,True,,,1,0,4022.450862,4333.375182,6,4156,4,32
20260726_formal4t4_reuse_intensive_FullSync@rho1.0_rep0,0,FullSync@rho1.0,FullSync,30,reuse_intensive:rep0:req30,reuse_intensive,1,35,1,L0035,2048,2,,False,1785001292.7135375,2048,0,0,12.720205068588257,True,True,False,False,0,0.0,0,0,32.0,False,cache_miss,False,False,0,0.0,db538df159e1927475a213bfb690bb85f841004a63b1e4acd1d871010cca641d,True,,,1,0,1301.383422,1492.367331,6,2108,4,32
20260726_formal4t4_reuse_intensive_FullSync@rho1.0_rep0,0,FullSync@rho1.0,FullSync,31,reuse_intensive:rep0:req31,reuse_intensive,1,33,0,L0033,4096,0,,False,1785001292.7135587,0,0,0,,False,False,False,False,0,0.0,0,0,32.0,False,cache_miss,False,False,0,0.0,07ad45cdfaa63812c0107b26cefe41b87eaf7227a6e37996f8773d6eb88d6853,True,,,1,0,3934.319285,4252.16729,6,4156,4,32
20260726_formal4t4_reuse_intensive_FullSync@rho1.0_rep0,0,FullSync@rho1.0,FullSync,32,reuse_intensive:rep0:req32,reuse_intensive,1,39,0,L0039,2048,1,,False,1785001297.0495188,0,0,0,,False,False,False,False,0,0.0,0,0,32.0,False,cache_miss,False,False,0,0.0,1e98437f782deff6fe68bceba7b9fe50bb12f149556b330d7a62dbf8c1204a3a,True,,,1,0,1180.212282,1372.589197,6,2108,4,32
20260726_formal4t4_reuse_intensive_FullSync@rho1.0_rep0,0,FullSync@rho1.0,FullSync,33,reuse_intensive:rep0:req33,reuse_intensive,1,32,2,L0032,4096,0,,False,1785001297.049556,4096,0,0,17.05622363090515,True,True,False,False,0,0.0,0,0,32.0,False,cache_miss,False,False,0,0.0,734f4bd21bfee19cc6634a43a72b0aa6c84682e5c3982bc3224cd354d1957645,True,,,1,0,3586.256726,3897.8283,6,4156,4,32
20260726_formal4t4_reuse_intensive_FullSync@rho1.0_rep0,0,FullSync@rho1.0,FullSync,34,reuse_intensive:rep0:req34,reuse_intensive,1,37,0,L0037,4096,3,,False,1785001297.0495832,0,0,0,,False,False,False,False,0,0.0,0,0,32.0,False,cache_miss,False,False,0,0.0,82e4b02878c327157415e79f0523f3dc2551c495f73dc408614b8217bbf0ac20,True,,,1,0,3557.951002,3838.731006,6,4156,4,32
20260726_formal4t4_reuse_intensive_FullSync@rho1.0_rep0,0,FullSync@rho1.0,FullSync,35,reuse_intensive:rep0:req35,reuse_intensive,1,32,0,L0032,4096,2,,False,1785001297.049604,4096,0,0,17.05627155303955,True,True,False,False,0,0.0,0,0,32.0,False,cache_miss,False,False,0,0.0,4384e3d24d66abdcbc1d0d2714f02d9484746ac19651c5773c6307deab8d593a,True,,,1,0,3833.377596,4142.022856,6,4156,4,32
20260726_formal4t4_reuse_intensive_FullSync@rho1.0_rep0,0,FullSync@rho1.0,FullSync,36,reuse_intensive:rep0:req36,reuse_intensive,1,34,1,L0034,2048,1,,False,1785001301.2874968,2048,0,0,21.294164419174194,True,True,False,False,0,0.0,0,0,32.0,False,cache_miss,False,False,0,0.0,1824428c2bf56679bf5f79dd936a781e450b6da183ae81d41235968509964932,True,,,1,0,1215.208405,1398.437657,6,2108,4,32
20260726_formal4t4_reuse_intensive_FullSync@rho1.0_rep0,0,FullSync@rho1.0,FullSync,37,reuse_intensive:rep0:req37,reuse_intensive,1,33,1,L0033,4096,2,,False,1785001301.287514,4096,0,0,21.29418158531189,True,True,False,False,0,0.0,0,0,32.0,False,cache_miss,False,False,0,0.0,81f69868e96c28bda0d08f23c2d186851e840cac891084b5f8322035e3610c45,True,,,1,0,3258.968488,3548.681259,6,4156,4,32
20260726_formal4t4_reuse_intensive_FullSync@rho1.0_rep0,0,FullSync@rho1.0,FullSync,38,reuse_intensive:rep0:req38,reuse_intensive,1,32,1,L0032,4096,3,,False,1785001301.2875235,4096,0,0,21.294191122055054,True,True,False,False,0,0.0,0,0,4128.0,False,cache_reused,False,False,0,0.0,b9174c4634c73348554824b6089656836b21f586d7fa6e9571bef4b84d8569ff,True,,,1,0,136.242613,453.052686,6,4156,4,4128
20260726_formal4t4_reuse_intensive_FullSync@rho1.0_rep0,0,FullSync@rho1.0,FullSync,39,reuse_intensive:rep0:req39,reuse_intensive,1,33,2,L0033,4096,0,,False,1785001301.2875323,4096,0,0,21.29419994354248,True,True,False,False,0,0.0,0,0,4128.0,False,cache_reused,False,False,0,0.0,d42a6f3203dc7ac4ab3438e4be1453ba144f8def4143622e32e775abe10e0a86,True,,,1,0,139.665551,460.732254,6,4156,4,4128
20260726_formal4t4_reuse_intensive_FullSync@rho1.0_rep0,0,FullSync@rho1.0,FullSync,40,reuse_intensive:rep0:req40,reuse_intensive,1,60,0,L0060,1024,1,,False,1785001304.8382916,0,0,0,,False,False,False,False,0,0.0,0,0,32.0,False,cache_miss,False,False,0,0.0,05b1cecb3277f8e93e803297fdb7d10f74d02a7468e2f2cbbfb8f9cd4d6e6423,True,,,1,0,535.451715,675.846736,6,1084,4,32
20260726_formal4t4_reuse_intensive_FullSync@rho1.0_rep0,0,FullSync@rho1.0,FullSync,41,reuse_intensive:rep0:req41,reuse_intensive,1,36,1,L0036,2048,3,,False,1785001304.8383276,2048,0,0,24.844995260238647,True,True,False,False,0,0.0,0,0,32.0,False,cache_miss,False,False,0,0.0,6a4d40cac55a584db84f36f00a3f52d326346320c873a9092f9525ca12e0b03a,True,,,1,0,1334.952775,1517.912016,6,2108,4,32
20260726_formal4t4_reuse_intensive_FullSync@rho1.0_rep0,0,FullSync@rho1.0,FullSync,42,reuse_intensive:rep0:req42,reuse_intensive,1,33,0,L0033,4096,2,,False,1785001304.8383546,4096,0,0,24.845022201538086,True,True,False,False,0,0.0,0,0,4128.0,False,cache_reused,False,False,0,0.0,c0ad3a21b8304bcf95d2fca89adec1c66f243e304c15037537dd5fa5f7e92ad8,True,,,1,0,150.515894,437.77531,6,4156,4,4128
20260726_formal4t4_reuse_intensive_FullSync@rho1.0_rep0,0,FullSync@rho1.0,FullSync,43,reuse_intensive:rep0:req43,reuse_intensive,1,33,1,L0033,4096,0,,False,1785001304.8383775,4096,0,0,24.84504508972168,True,True,False,False,0,0.0,0,0,4128.0,False,cache_reused,False,False,0,0.0,08ede221969b82329cb28eea1ed7ee7023a4a50aa6f3bae1e7c9f39b7ba48f07,True,,,1,0,275.359943,614.812479,6,4156,4,4128
20260726_formal4t4_reuse_intensive_FullSync@rho1.0_rep0,0,FullSync@rho1.0,FullSync,44,reuse_intensive:rep0:req44,reuse_intensive,1,32,2,L0032,4096,1,,False,1785001306.357658,4096,0,0,26.364325523376465,True,True,False,False,0,0.0,0,0,4128.0,False,cache_reused,False,False,0,0.0,cc6e0ab9ff75221bafc4d6f826b2a2d1a0b8863b3c3acd8884fa4f8d2dd1c68e,True,,,1,0,132.653585,442.37831,6,4156,4,4128
20260726_formal4t4_reuse_intensive_FullSync@rho1.0_rep0,0,FullSync@rho1.0,FullSync,45,reuse_intensive:rep0:req45,reuse_intensive,1,34,2,L0034,2048,0,,False,1785001306.357673,2048,0,0,26.36434054374695,True,True,False,False,0,0.0,0,0,32.0,False,cache_miss,False,False,0,0.0,fd1fd8261262393d3a40e6bb1dbfeca6729011dc8a862022e59473f01daaca29,True,,,1,0,1228.023177,1413.130379,6,2108,4,32
20260726_formal4t4_reuse_intensive_FullSync@rho1.0_rep0,0,FullSync@rho1.0,FullSync,46,reuse_intensive:rep0:req46,reuse_intensive,1,62,0,L0062,4096,3,,False,1785001306.3576827,0,0,0,,False,False,False,False,0,0.0,0,0,32.0,False,cache_miss,False,False,0,0.0,762d3d411116511f87ed15a2382951d26a7b52a7538e1a99e6914fd874dcea55,True,,,1,0,4243.092393,4588.50704,6,4156,4,32
20260726_formal4t4_reuse_intensive_FullSync@rho1.0_rep0,0,FullSync@rho1.0,FullSync,47,reuse_intensive:rep0:req47,reuse_intensive,1,34,0,L0034,2048,2,,False,1785001306.35769,2048,0,0,26.364357709884644,True,True,False,False,0,0.0,0,0,2080.0,False,cache_reused,False,False,0,0.0,6495d6c1b140851d6a0645f6134de3a8e4ebf7f12a90a5a086f7e3f14376bd6a,True,,,1,0,96.376079,286.057777,6,2108,4,2080
