experiment_id,rep,cell_id,policy,rho,workload,event,cell,update_id,owner,prefix_digest64,op,generation_time,dispatcher_arrival_time,coverage_tokens,payload_bytes
20260726_formal4t4_reuse_intensive_FullSync@rho1.0_rep0,0,FullSync@rho1.0,FullSync,1.0,reuse_intensive,dispatcher_arrival,207,0,0,15769623694692820738,upsert,1784999530.580645,1784999530.58367,2048,64
20260726_formal4t4_reuse_intensive_FullSync@rho1.0_rep0,0,FullSync@rho1.0,FullSync,1.0,reuse_intensive,dispatcher_arrival,207,2,2,15769623694692820738,upsert,1784999530.5808249,1784999530.5837948,2048,64
20260726_formal4t4_reuse_intensive_FullSync@rho1.0_rep0,0,FullSync@rho1.0,FullSync,1.0,reuse_intensive,dispatcher_arrival,207,1,1,15769623694692820738,upsert,1784999530.5807493,1784999530.5838614,2048,64
20260726_formal4t4_reuse_intensive_FullSync@rho1.0_rep0,0,FullSync@rho1.0,FullSync,1.0,reuse_intensive,dispatcher_arrival,207,3,3,15769623694692820738,upsert,1784999530.5808678,1784999530.5839107,2048,64
20260726_formal4t4_reuse_intensive_FullSync@rho1.0_rep0,0,FullSync@rho1.0,FullSync,1.0,reuse_intensive,dispatcher_arrival,207,4,0,12613465747135452669,upsert,1784999531.7327092,1784999531.7363863,2048,64
20260726_formal4t4_reuse_intensive_FullSync@rho1.0_rep0,0,FullSync@rho1.0,FullSync,1.0,reuse_intensive,dispatcher_arrival,207,6,2,12613465747135452669,upsert,1784999531.7328682,1784999531.7364695,2048,64
20260726_formal4t4_reuse_intensive_FullSync@rho1.0_rep0,0,FullSync@rho1.0,FullSync,1.0,reuse_intensive,dispatcher_arrival,207,7,3,12613465747135452669,upsert,1784999531.732905,1784999531.7365193,2048,64
20260726_formal4t4_reuse_intensive_FullSync@rho1.0_rep0,0,FullSync@rho1.0,FullSync,1.0,reuse_intensive,dispatcher_arrival,207,5,1,12613465747135452669,upsert,1784999531.7328134,1784999531.736562,2048,64
20260726_formal4t4_reuse_intensive_FullSync@rho1.0_rep0,0,FullSync@rho1.0,FullSync,1.0,reuse_intensive,dispatcher_arrival,207,8,0,12523743054995375112,upsert,1784999535.181869,1784999535.18473,4096,64
20260726_formal4t4_reuse_intensive_FullSync@rho1.0_rep0,0,FullSync@rho1.0,FullSync,1.0,reuse_intensive,dispatcher_arrival,207,11,3,12523743054995375112,upsert,1784999535.1820548,1784999535.1848176,4096,64
20260726_formal4t4_reuse_intensive_FullSync@rho1.0_rep0,0,FullSync@rho1.0,FullSync,1.0,reuse_intensive,dispatcher_arrival,207,10,2,12523743054995375112,upsert,1784999535.1820116,1784999535.1848593,4096,64
20260726_formal4t4_reuse_intensive_FullSync@rho1.0_rep0,0,FullSync@rho1.0,FullSync,1.0,reuse_intensive,dispatcher_arrival,207,9,1,12523743054995375112,upsert,1784999535.1819668,1784999535.1848924,4096,64
20260726_formal4t4_reuse_intensive_FullSync@rho1.0_rep0,0,FullSync@rho1.0,FullSync,1.0,reuse_intensive,dispatcher_arrival,207,12,0,9971321710674973507,upsert,1784999536.438229,1784999540.22555,2048,64
20260726_formal4t4_reuse_intensive_FullSync@rho1.0_rep0,0,FullSync@rho1.0,FullSync,1.0,reuse_intensive,dispatcher_arrival,207,15,3,9971321710674973507,upsert,1784999536.4383981,1784999541.346211,2048,64
20260726_formal4t4_reuse_intensive_FullSync@rho1.0_rep0,0,FullSync@rho1.0,FullSync,1.0,reuse_intensive,dispatcher_arrival,207,14,2,9971321710674973507,upsert,1784999536.4383624,1784999541.3462908,2048,64
20260726_formal4t4_reuse_intensive_FullSync@rho1.0_rep0,0,FullSync@rho1.0,FullSync,1.0,reuse_intensive,dispatcher_arrival,207,13,1,9971321710674973507,upsert,1784999536.4383183,1784999543.0186172,2048,64
20260726_formal4t4_reuse_intensive_FullSync@rho1.0_rep0,0,FullSync@rho1.0,FullSync,1.0,reuse_intensive,dispatcher_arrival,207,16,0,4650049274038987083,upsert,1784999539.8494697,1784999548.8461647,4096,64
20260726_formal4t4_reuse_intensive_FullSync@rho1.0_rep0,0,FullSync@rho1.0,FullSync,1.0,reuse_intensive,dispatcher_arrival,207,19,3,4650049274038987083,upsert,1784999539.8495574,1784999551.6566117,4096,64
20260726_formal4t4_reuse_intensive_FullSync@rho1.0_rep0,0,FullSync@rho1.0,FullSync,1.0,reuse_intensive,dispatcher_arrival,207,18,2,4650049274038987083,upsert,1784999539.8495364,1784999551.656706,4096,64
20260726_formal4t4_reuse_intensive_FullSync@rho1.0_rep0,0,FullSync@rho1.0,FullSync,1.0,reuse_intensive,dispatcher_arrival,207,17,1,4650049274038987083,upsert,1784999539.849515,1784999554.0013568,4096,64
20260726_formal4t4_reuse_intensive_FullSync@rho1.0_rep0,0,FullSync@rho1.0,FullSync,1.0,reuse_intensive,dispatcher_arrival,207,20,0,3163096543987652428,upsert,1784999541.141372,1784999556.3634853,2048,64
20260726_formal4t4_reuse_intensive_FullSync@rho1.0_rep0,0,FullSync@rho1.0,FullSync,1.0,reuse_intensive,dispatcher_arrival,207,23,3,3163096543987652428,upsert,1784999541.1415384,1784999558.622098,2048,64
20260726_formal4t4_reuse_intensive_FullSync@rho1.0_rep0,0,FullSync@rho1.0,FullSync,1.0,reuse_intensive,dispatcher_arrival,207,22,2,3163096543987652428,upsert,1784999541.1415012,1784999558.6222086,2048,64
20260726_formal4t4_reuse_intensive_FullSync@rho1.0_rep0,0,FullSync@rho1.0,FullSync,1.0,reuse_intensive,dispatcher_arrival,207,21,1,3163096543987652428,upsert,1784999541.1414564,1784999560.863361,2048,64
20260726_formal4t4_reuse_intensive_FullSync@rho1.0_rep0,0,FullSync@rho1.0,FullSync,1.0,reuse_intensive,dispatcher_arrival,207,24,0,10402019323283478844,upsert,1784999542.3662918,1784999562.5530381,2048,64
20260726_formal4t4_reuse_intensive_FullSync@rho1.0_rep0,0,FullSync@rho1.0,FullSync,1.0,reuse_intensive,dispatcher_arrival,207,27,3,10402019323283478844,upsert,1784999542.3664567,1784999564.8116903,2048,64
20260726_formal4t4_reuse_intensive_FullSync@rho1.0_rep0,0,FullSync@rho1.0,FullSync,1.0,reuse_intensive,dispatcher_arrival,207,26,2,10402019323283478844,upsert,1784999542.3664186,1784999564.8118238,2048,64
20260726_formal4t4_reuse_intensive_FullSync@rho1.0_rep0,0,FullSync@rho1.0,FullSync,1.0,reuse_intensive,dispatcher_arrival,207,25,1,10402019323283478844,upsert,1784999542.3663752,1784999567.0530393,2048,64
20260726_formal4t4_reuse_intensive_FullSync@rho1.0_rep0,0,FullSync@rho1.0,FullSync,1.0,reuse_intensive,dispatcher_arrival,207,28,0,14064140743279553366,upsert,1784999542.8746848,1784999568.7427282,1024,64
20260726_formal4t4_reuse_intensive_FullSync@rho1.0_rep0,0,FullSync@rho1.0,FullSync,1.0,reuse_intensive,dispatcher_arrival,207,31,3,14064140743279553366,upsert,1784999542.8747911,1784999571.0013897,1024,64
20260726_formal4t4_reuse_intensive_FullSync@rho1.0_rep0,0,FullSync@rho1.0,FullSync,1.0,reuse_intensive,dispatcher_arrival,207,30,2,14064140743279553366,upsert,1784999542.87476,1784999571.0015013,1024,64
20260726_formal4t4_reuse_intensive_FullSync@rho1.0_rep0,0,FullSync@rho1.0,FullSync,1.0,reuse_intensive,dispatcher_arrival,207,29,1,14064140743279553366,upsert,1784999542.8747375,1784999573.2427351,1024,64
20260726_formal4t4_reuse_intensive_FullSync@rho1.0_rep0,0,FullSync@rho1.0,FullSync,1.0,reuse_intensive,dispatcher_arrival,207,32,0,4650049274038987083,upsert,1784999548.0005403,1784999574.932384,4096,64
20260726_formal4t4_reuse_intensive_FullSync@rho1.0_rep0,0,FullSync@rho1.0,FullSync,1.0,reuse_intensive,dispatcher_arrival,207,34,1,12523743054995375112,upsert,1784999548.000692,1784999577.1734538,4096,64
20260726_formal4t4_reuse_intensive_FullSync@rho1.0_rep0,0,FullSync@rho1.0,FullSync,1.0,reuse_intensive,dispatcher_arrival,207,38,1,12376960631178457983,upsert,1784999548.0008774,1784999577.1735628,4096,64
20260726_formal4t4_reuse_intensive_FullSync@rho1.0_rep0,0,FullSync@rho1.0,FullSync,1.0,reuse_intensive,dispatcher_arrival,207,33,2,4596497935095405733,upsert,1784999548.000641,1784999577.7599666,2048,64
20260726_formal4t4_reuse_intensive_FullSync@rho1.0_rep0,0,FullSync@rho1.0,FullSync,1.0,reuse_intensive,dispatcher_arrival,207,36,2,15769623694692820738,upsert,1784999548.0008,1784999578.8806646,2048,64
20260726_formal4t4_reuse_intensive_FullSync@rho1.0_rep0,0,FullSync@rho1.0,FullSync,1.0,reuse_intensive,dispatcher_arrival,207,35,3,15769623694692820738,upsert,1784999548.000735,1784999579.9837694,2048,64
20260726_formal4t4_reuse_intensive_FullSync@rho1.0_rep0,0,FullSync@rho1.0,FullSync,1.0,reuse_intensive,dispatcher_arrival,207,37,3,14064140743279553366,upsert,1784999548.0008404,1784999579.983888,1024,64
20260726_formal4t4_reuse_intensive_FullSync@rho1.0_rep0,0,FullSync@rho1.0,FullSync,1.0,reuse_intensive,dispatcher_arrival,207,39,0,15769623694692820738,upsert,1784999548.0009143,1784999580.5703712,2048,64
20260726_formal4t4_reuse_intensive_FullSync@rho1.0_rep0,0,FullSync@rho1.0,FullSync,1.0,reuse_intensive,dispatcher_arrival,207,40,0,14064140743279553366,upsert,1784999548.4693718,1784999581.6910043,1024,64
20260726_formal4t4_reuse_intensive_FullSync@rho1.0_rep0,0,FullSync@rho1.0,FullSync,1.0,reuse_intensive,dispatcher_arrival,207,41,2,14064140743279553366,upsert,1784999548.4694805,1784999582.7941358,1024,64
20260726_formal4t4_reuse_intensive_FullSync@rho1.0_rep0,0,FullSync@rho1.0,FullSync,1.0,reuse_intensive,dispatcher_arrival,207,44,2,15769623694692820738,upsert,1784999548.469613,1784999582.794229,2048,64
20260726_formal4t4_reuse_intensive_FullSync@rho1.0_rep0,0,FullSync@rho1.0,FullSync,1.0,reuse_intensive,dispatcher_arrival,207,42,1,15769623694692820738,upsert,1784999548.4695315,1784999583.3806489,2048,64
20260726_formal4t4_reuse_intensive_FullSync@rho1.0_rep0,0,FullSync@rho1.0,FullSync,1.0,reuse_intensive,dispatcher_arrival,207,43,3,15769623694692820738,upsert,1784999548.4695742,1784999584.5013309,2048,64
20260726_formal4t4_reuse_intensive_FullSync@rho1.0_rep0,0,FullSync@rho1.0,FullSync,1.0,reuse_intensive,dispatcher_arrival,207,45,3,15769623694692820738,upsert,1784999548.4698772,1784999585.622049,2048,64
20260726_formal4t4_reuse_intensive_FullSync@rho1.0_rep0,0,FullSync@rho1.0,FullSync,1.0,reuse_intensive,dispatcher_arrival,207,46,0,12613465747135452669,upsert,1784999548.470087,1784999585.6221373,2048,64
20260726_formal4t4_reuse_intensive_FullSync@rho1.0_rep0,0,FullSync@rho1.0,FullSync,1.0,reuse_intensive,dispatcher_arrival,207,47,1,15769623694692820738,upsert,1784999548.4702842,1784999587.863046,2048,64
20260726_formal4t4_reuse_intensive_FullSync@rho1.0_rep0,0,FullSync@rho1.0,FullSync,1.0,reuse_intensive,dispatcher_arrival,207,48,2,12613465747135452669,upsert,1784999553.2453947,1784999588.4323018,2048,64
20260726_formal4t4_reuse_intensive_FullSync@rho1.0_rep0,0,FullSync@rho1.0,FullSync,1.0,reuse_intensive,dispatcher_arrival,207,49,1,1187225797315579929,upsert,1784999553.245708,1784999589.5527031,2048,64
20260726_formal4t4_reuse_intensive_FullSync@rho1.0_rep0,0,FullSync@rho1.0,FullSync,1.0,reuse_intensive,dispatcher_arrival,207,50,3,15769623694692820738,upsert,1784999553.2459579,1784999589.552761,2048,64
20260726_formal4t4_reuse_intensive_FullSync@rho1.0_rep0,0,FullSync@rho1.0,FullSync,1.0,reuse_intensive,dispatcher_arrival,207,51,0,15769623694692820738,upsert,1784999553.2461698,1784999590.1220574,2048,64
20260726_formal4t4_reuse_intensive_FullSync@rho1.0_rep0,0,FullSync@rho1.0,FullSync,1.0,reuse_intensive,dispatcher_arrival,207,52,1,15769623694692820738,upsert,1784999553.246373,1784999591.2427304,2048,64
20260726_formal4t4_reuse_intensive_FullSync@rho1.0_rep0,0,FullSync@rho1.0,FullSync,1.0,reuse_intensive,dispatcher_arrival,207,53,3,12523743054995375112,upsert,1784999553.2465687,1784999592.3631175,4096,64
20260726_formal4t4_reuse_intensive_FullSync@rho1.0_rep0,0,FullSync@rho1.0,FullSync,1.0,reuse_intensive,dispatcher_arrival,207,54,2,3163096543987652428,upsert,1784999553.2469203,1784999592.3632205,2048,64
20260726_formal4t4_reuse_intensive_FullSync@rho1.0_rep0,0,FullSync@rho1.0,FullSync,1.0,reuse_intensive,dispatcher_arrival,207,55,0,12376960631178457983,upsert,1784999553.2471175,1784999592.9323788,4096,64
20260726_formal4t4_reuse_intensive_FullSync@rho1.0_rep0,0,FullSync@rho1.0,FullSync,1.0,reuse_intensive,dispatcher_arrival,207,56,3,16954395879792744941,upsert,1784999559.2043195,1784999594.0530548,2048,64
20260726_formal4t4_reuse_intensive_FullSync@rho1.0_rep0,0,FullSync@rho1.0,FullSync,1.0,reuse_intensive,dispatcher_arrival,207,57,1,9971467602450215698,upsert,1784999559.204636,1784999595.173502,1024,64
20260726_formal4t4_reuse_intensive_FullSync@rho1.0_rep0,0,FullSync@rho1.0,FullSync,1.0,reuse_intensive,dispatcher_arrival,207,58,2,9971467602450215698,upsert,1784999559.2048194,1784999595.1736145,1024,64
20260726_formal4t4_reuse_intensive_FullSync@rho1.0_rep0,0,FullSync@rho1.0,FullSync,1.0,reuse_intensive,dispatcher_arrival,207,59,0,9971467602450215698,upsert,1784999559.204964,1784999595.7427187,1024,64
20260726_formal4t4_reuse_intensive_FullSync@rho1.0_rep0,0,FullSync@rho1.0,FullSync,1.0,reuse_intensive,dispatcher_arrival,207,60,3,17622982719236225751,upsert,1784999559.205101,1784999596.863403,4096,64
20260726_formal4t4_reuse_intensive_FullSync@rho1.0_rep0,0,FullSync@rho1.0,FullSync,1.0,reuse_intensive,dispatcher_arrival,207,61,2,14694726361257372,upsert,1784999559.2054434,1784999597.9838188,1024,64
20260726_formal4t4_reuse_intensive_FullSync@rho1.0_rep0,0,FullSync@rho1.0,FullSync,1.0,reuse_intensive,dispatcher_arrival,207,62,1,9971467602450215698,upsert,1784999559.2055762,1784999597.9839242,1024,64
20260726_formal4t4_reuse_intensive_FullSync@rho1.0_rep0,0,FullSync@rho1.0,FullSync,1.0,reuse_intensive,dispatcher_arrival,207,63,0,9971467602450215698,upsert,1784999559.2057054,1784999598.553066,1024,64
20260726_formal4t4_reuse_intensive_FullSync@rho1.0_rep0,0,FullSync@rho1.0,FullSync,1.0,reuse_intensive,dispatcher_arrival,207,64,3,9417075026054648240,upsert,1784999565.125229,1784999599.673771,1024,64
20260726_formal4t4_reuse_intensive_FullSync@rho1.0_rep0,0,FullSync@rho1.0,FullSync,1.0,reuse_intensive,dispatcher_arrival,207,65,0,17622982719236225751,upsert,1784999565.1254623,1784999600.7944567,4096,64
20260726_formal4t4_reuse_intensive_FullSync@rho1.0_rep0,0,FullSync@rho1.0,FullSync,1.0,reuse_intensive,dispatcher_arrival,207,66,2,9971467602450215698,upsert,1784999565.1258633,1784999600.7945478,1024,64
20260726_formal4t4_reuse_intensive_FullSync@rho1.0_rep0,0,FullSync@rho1.0,FullSync,1.0,reuse_intensive,dispatcher_arrival,207,67,1,2684601022077970021,upsert,1784999565.12601,1784999603.035881,2048,64
20260726_formal4t4_reuse_intensive_FullSync@rho1.0_rep0,0,FullSync@rho1.0,FullSync,1.0,reuse_intensive,dispatcher_arrival,207,68,3,9971467602450215698,upsert,1784999565.1262136,1784999603.8975794,1024,64
20260726_formal4t4_reuse_intensive_FullSync@rho1.0_rep0,0,FullSync@rho1.0,FullSync,1.0,reuse_intensive,dispatcher_arrival,207,69,1,17622982719236225751,upsert,1784999565.126344,1784999604.7255003,4096,64
20260726_formal4t4_reuse_intensive_FullSync@rho1.0_rep0,0,FullSync@rho1.0,FullSync,1.0,reuse_intensive,dispatcher_arrival,207,70,2,16954395879792744941,upsert,1784999565.126666,1784999604.7255893,2048,64
20260726_formal4t4_reuse_intensive_FullSync@rho1.0_rep0,0,FullSync@rho1.0,FullSync,1.0,reuse_intensive,dispatcher_arrival,207,71,0,9971467602450215698,upsert,1784999565.1268759,1784999605.863082,1024,64
20260726_formal4t4_reuse_intensive_FullSync@rho1.0_rep0,0,FullSync@rho1.0,FullSync,1.0,reuse_intensive,dispatcher_arrival,207,72,3,9971467602450215698,upsert,1784999569.9152055,1784999606.7079377,1024,64
20260726_formal4t4_reuse_intensive_FullSync@rho1.0_rep0,0,FullSync@rho1.0,FullSync,1.0,reuse_intensive,dispatcher_arrival,207,73,2,16954395879792744941,upsert,1784999569.915454,1784999607.5358717,2048,64
20260726_formal4t4_reuse_intensive_FullSync@rho1.0_rep0,0,FullSync@rho1.0,FullSync,1.0,reuse_intensive,dispatcher_arrival,207,74,1,8242310399081879445,upsert,1784999569.9156814,1784999607.5359676,4096,64
20260726_formal4t4_reuse_intensive_FullSync@rho1.0_rep0,0,FullSync@rho1.0,FullSync,1.0,reuse_intensive,dispatcher_arrival,207,75,0,9971467602450215698,upsert,1784999569.9160507,1784999608.6734412,1024,64
20260726_formal4t4_reuse_intensive_FullSync@rho1.0_rep0,0,FullSync@rho1.0,FullSync,1.0,reuse_intensive,dispatcher_arrival,207,76,3,4132850298606047245,upsert,1784999569.9161918,1784999609.5182352,2048,64
20260726_formal4t4_reuse_intensive_FullSync@rho1.0_rep0,0,FullSync@rho1.0,FullSync,1.0,reuse_intensive,dispatcher_arrival,207,77,0,16048794067380282208,upsert,1784999569.916388,1784999610.3461974,4096,64
20260726_formal4t4_reuse_intensive_FullSync@rho1.0_rep0,0,FullSync@rho1.0,FullSync,1.0,reuse_intensive,dispatcher_arrival,207,78,2,4141618429024808821,upsert,1784999569.9167101,1784999610.3463023,1024,64
20260726_formal4t4_reuse_intensive_FullSync@rho1.0_rep0,0,FullSync@rho1.0,FullSync,1.0,reuse_intensive,dispatcher_arrival,207,79,1,17622982719236225751,upsert,1784999569.9168491,1784999611.483823,4096,64
20260726_formal4t4_reuse_intensive_Adaptive@rho1.0_rep0,0,Adaptive@rho1.0,Adaptive,1.0,reuse_intensive,dispatcher_arrival,208,0,0,15769623694692820738,upsert,1784999618.5230033,1784999618.5258596,2048,64
20260726_formal4t4_reuse_intensive_Adaptive@rho1.0_rep0,0,Adaptive@rho1.0,Adaptive,1.0,reuse_intensive,dispatcher_arrival,208,2,2,15769623694692820738,upsert,1784999618.5231352,1784999618.525958,2048,64
20260726_formal4t4_reuse_intensive_Adaptive@rho1.0_rep0,0,Adaptive@rho1.0,Adaptive,1.0,reuse_intensive,dispatcher_arrival,208,4,0,12613465747135452669,upsert,1784999619.610989,1784999619.6148026,2048,64
20260726_formal4t4_reuse_intensive_Adaptive@rho1.0_rep0,0,Adaptive@rho1.0,Adaptive,1.0,reuse_intensive,dispatcher_arrival,208,7,3,12613465747135452669,upsert,1784999619.6111825,1784999620.0013862,2048,64
20260726_formal4t4_reuse_intensive_Adaptive@rho1.0_rep0,0,Adaptive@rho1.0,Adaptive,1.0,reuse_intensive,dispatcher_arrival,208,8,0,12523743054995375112,upsert,1784999623.031703,1784999624.9496121,4096,64
20260726_formal4t4_reuse_intensive_Adaptive@rho1.0_rep0,0,Adaptive@rho1.0,Adaptive,1.0,reuse_intensive,dispatcher_arrival,208,11,3,12523743054995375112,upsert,1784999623.0319204,1784999626.070354,4096,64
20260726_formal4t4_reuse_intensive_Adaptive@rho1.0_rep0,0,Adaptive@rho1.0,Adaptive,1.0,reuse_intensive,dispatcher_arrival,208,12,0,9971321710674973507,upsert,1784999624.1712456,1784999627.190989,2048,64
20260726_formal4t4_reuse_intensive_Adaptive@rho1.0_rep0,0,Adaptive@rho1.0,Adaptive,1.0,reuse_intensive,dispatcher_arrival,208,15,3,9971321710674973507,upsert,1784999624.1714308,1784999627.1910937,2048,64
20260726_formal4t4_reuse_intensive_Adaptive@rho1.0_rep0,0,Adaptive@rho1.0,Adaptive,1.0,reuse_intensive,dispatcher_arrival,208,16,0,4650049274038987083,upsert,1784999627.4852712,1784999632.932459,4096,64
20260726_formal4t4_reuse_intensive_Adaptive@rho1.0_rep0,0,Adaptive@rho1.0,Adaptive,1.0,reuse_intensive,dispatcher_arrival,208,19,3,4650049274038987083,upsert,1784999627.4854467,1784999634.7255874,4096,64
20260726_formal4t4_reuse_intensive_Adaptive@rho1.0_rep0,0,Adaptive@rho1.0,Adaptive,1.0,reuse_intensive,dispatcher_arrival,208,20,0,3163096543987652428,upsert,1784999628.711129,1784999634.7256958,2048,64
20260726_formal4t4_reuse_intensive_Adaptive@rho1.0_rep0,0,Adaptive@rho1.0,Adaptive,1.0,reuse_intensive,dispatcher_arrival,208,23,3,3163096543987652428,upsert,1784999628.7113092,1784999634.7257416,2048,64
20260726_formal4t4_reuse_intensive_Adaptive@rho1.0_rep0,0,Adaptive@rho1.0,Adaptive,1.0,reuse_intensive,dispatcher_arrival,208,24,0,10402019323283478844,upsert,1784999630.0518014,1784999637.5185654,2048,64
20260726_formal4t4_reuse_intensive_Adaptive@rho1.0_rep0,0,Adaptive@rho1.0,Adaptive,1.0,reuse_intensive,dispatcher_arrival,208,27,3,10402019323283478844,upsert,1784999630.0520015,1784999640.346255,2048,64
20260726_formal4t4_reuse_intensive_Adaptive@rho1.0_rep0,0,Adaptive@rho1.0,Adaptive,1.0,reuse_intensive,dispatcher_arrival,208,32,0,4650049274038987083,upsert,1784999635.6819947,1784999640.3463683,4096,64
20260726_formal4t4_reuse_intensive_Adaptive@rho1.0_rep0,0,Adaptive@rho1.0,Adaptive,1.0,reuse_intensive,dispatcher_arrival,208,36,0,15769623694692820738,upsert,1784999635.6822276,1784999642.0185874,2048,64
20260726_formal4t4_reuse_intensive_Adaptive@rho1.0_rep0,0,Adaptive@rho1.0,Adaptive,1.0,reuse_intensive,dispatcher_arrival,208,34,3,12523743054995375112,upsert,1784999635.6821508,1784999643.7082663,4096,64
20260726_formal4t4_reuse_intensive_Adaptive@rho1.0_rep0,0,Adaptive@rho1.0,Adaptive,1.0,reuse_intensive,dispatcher_arrival,208,38,3,12376960631178457983,upsert,1784999635.6823027,1784999645.9669,4096,64
20260726_formal4t4_reuse_intensive_Adaptive@rho1.0_rep0,0,Adaptive@rho1.0,Adaptive,1.0,reuse_intensive,dispatcher_arrival,208,33,2,4596497935095405733,upsert,1784999635.682098,1784999645.9669983,2048,64
20260726_formal4t4_reuse_intensive_Adaptive@rho1.0_rep0,0,Adaptive@rho1.0,Adaptive,1.0,reuse_intensive,dispatcher_arrival,208,49,1,1187225797315579929,upsert,1784999641.099319,1784999648.2082427,2048,64
20260726_formal4t4_reuse_intensive_Adaptive@rho1.0_rep0,0,Adaptive@rho1.0,Adaptive,1.0,reuse_intensive,dispatcher_arrival,208,53,3,12523743054995375112,upsert,1784999641.100177,1784999649.8979337,4096,64
20260726_formal4t4_reuse_intensive_Adaptive@rho1.0_rep0,0,Adaptive@rho1.0,Adaptive,1.0,reuse_intensive,dispatcher_arrival,208,54,0,3163096543987652428,upsert,1784999641.100513,1784999652.156612,2048,64
20260726_formal4t4_reuse_intensive_Adaptive@rho1.0_rep0,0,Adaptive@rho1.0,Adaptive,1.0,reuse_intensive,dispatcher_arrival,208,55,2,12376960631178457983,upsert,1784999641.100706,1784999652.1567228,4096,64
20260726_formal4t4_reuse_intensive_Adaptive@rho1.0_rep0,0,Adaptive@rho1.0,Adaptive,1.0,reuse_intensive,dispatcher_arrival,208,56,0,16954395879792744941,upsert,1784999646.9918063,1784999654.3978984,2048,64
20260726_formal4t4_reuse_intensive_Adaptive@rho1.0_rep0,0,Adaptive@rho1.0,Adaptive,1.0,reuse_intensive,dispatcher_arrival,208,60,0,17622982719236225751,upsert,1784999646.9925604,1784999656.0876386,4096,64
20260726_formal4t4_reuse_intensive_Adaptive@rho1.0_rep0,0,Adaptive@rho1.0,Adaptive,1.0,reuse_intensive,dispatcher_arrival,208,65,2,17622982719236225751,upsert,1784999652.9162357,1784999658.3462353,4096,64
20260726_formal4t4_reuse_intensive_Adaptive@rho1.0_rep0,0,Adaptive@rho1.0,Adaptive,1.0,reuse_intensive,dispatcher_arrival,208,67,3,2684601022077970021,upsert,1784999652.916791,1784999658.346338,2048,64
20260726_formal4t4_reuse_intensive_Adaptive@rho1.0_rep0,0,Adaptive@rho1.0,Adaptive,1.0,reuse_intensive,dispatcher_arrival,208,70,1,16954395879792744941,upsert,1784999652.9175968,1784999659.6303196,2048,64
20260726_formal4t4_reuse_intensive_Adaptive@rho1.0_rep0,0,Adaptive@rho1.0,Adaptive,1.0,reuse_intensive,dispatcher_arrival,208,73,1,16954395879792744941,upsert,1784999660.3689508,1784999661.7254794,2048,64
20260726_formal4t4_reuse_intensive_Adaptive@rho1.0_rep0,0,Adaptive@rho1.0,Adaptive,1.0,reuse_intensive,dispatcher_arrival,208,74,2,8242310399081879445,upsert,1784999660.3691823,1784999662.8461745,4096,64
20260726_formal4t4_reuse_intensive_Adaptive@rho1.0_rep0,0,Adaptive@rho1.0,Adaptive,1.0,reuse_intensive,dispatcher_arrival,208,76,0,4132850298606047245,upsert,1784999660.369676,1784999662.8462656,2048,64
20260726_formal4t4_reuse_intensive_Adaptive@rho1.0_rep0,0,Adaptive@rho1.0,Adaptive,1.0,reuse_intensive,dispatcher_arrival,208,77,2,16048794067380282208,upsert,1784999660.3698845,1784999664.5186038,4096,64
