workload,baseline,rho,n_pairs,delta_state_age_s_baseline_minus_adaptive_mean,delta_state_age_s_baseline_minus_adaptive_std,delta_state_age_s_baseline_minus_adaptive_ci95,delta_p95_state_age_s_baseline_minus_adaptive_mean,delta_p95_state_age_s_baseline_minus_adaptive_std,delta_p95_state_age_s_baseline_minus_adaptive_ci95,delta_view_missing_baseline_minus_adaptive_mean,delta_view_missing_baseline_minus_adaptive_std,delta_view_missing_baseline_minus_adaptive_ci95,delta_cached_tokens_adaptive_minus_baseline_mean,delta_cached_tokens_adaptive_minus_baseline_std,delta_cached_tokens_adaptive_minus_baseline_ci95,delta_ttft_ms_baseline_minus_adaptive_mean,delta_ttft_ms_baseline_minus_adaptive_std,delta_ttft_ms_baseline_minus_adaptive_ci95,delta_p95_ttft_ms_baseline_minus_adaptive_mean,delta_p95_ttft_ms_baseline_minus_adaptive_std,delta_p95_ttft_ms_baseline_minus_adaptive_ci95,delta_forwarded_bytes_baseline_minus_adaptive_mean,delta_forwarded_bytes_baseline_minus_adaptive_std,delta_forwarded_bytes_baseline_minus_adaptive_ci95
original_compatible,AgeCov-Greedy,0.5,5,0.9120672276838995,2.235786420548755,2.775650456916365,-1.0514914512634277,4.148932783517495,5.150754593750112,0.027083333333333327,0.06653633092779712,0.08260252215681227,23.566666666666652,79.55183495334623,98.76081409538001,-51.87335668750004,179.61058346554373,222.98024242440374,-151.3540289999999,136.9058760583033,169.96384535804464,1164.8,186.0408557279825,230.96319999999994
original_compatible,AgeCov-Greedy,0.8,5,15.624549627085935,7.872301065503074,9.7731857786683,12.80489249229431,4.471365387559449,5.551043367538318,0.1875,0.062064454624025954,0.07705084450470927,132.13333333333335,59.8425480369574,74.29242537444698,82.92014998541663,98.2310632082588,121.95042110080574,48.94586280000008,104.28229371027535,129.46281161962196,3868.8,1407.654503065294,1747.5537147482016
original_compatible,AgeCov-Greedy,1.0,5,14.086796306616925,5.821168160726376,7.226776187835254,10.942413997650146,8.960265818467471,11.123855876634696,0.19791666666666663,0.07438987946398802,0.09235242732778241,93.0333333333333,50.60047759985408,62.818718943533604,46.81308716874996,191.19218343020316,237.35839274246473,258.8457638000001,579.1089430761309,718.9434499110573,5990.4,902.4659550365321,1120.379843721298
original_compatible,AgeCov-Greedy,1.2,5,13.330015003233019,4.123701391389122,5.1194307050073915,12.291510438919067,12.349950581596362,15.332030671466793,0.17083333333333334,0.01892281471310934,0.02349201105340567,87.2666666666667,81.92210053188064,101.70341571224527,14.255312029166726,213.58375831643718,265.15674793991604,-11.492205800000011,366.3793650123684,454.8471368082236,5470.4,1912.8650762664888,2374.7549292545027
original_compatible,FullSync,0.5,5,0.3113108570413713,1.139646557982704,1.4148312469897992,-0.23455867767333985,1.8183624993856768,2.2574332932126224,0.0,0.0,0.0,-5.4,10.291987174496478,12.777141251469358,-11.512485600000014,82.834211701134,102.83576975126624,15.925015600000052,160.96989947585473,199.83848677293386,1164.8,186.0408557279825,230.96319999999994
original_compatible,FullSync,0.8,5,16.12004077718496,4.47274463448502,5.552755654241545,10.799913692474366,12.369048380114549,15.355739918779465,0.23333333333333334,0.07313954033975814,0.09080017514055548,129.06666666666675,48.22467671684746,59.869245440227736,9.438412158333335,55.546349019953176,68.95884491481408,73.00049220000001,226.73964291520457,281.48931743854683,3868.8,1407.654503065294,1747.5537147482016
original_compatible,FullSync,1.0,5,16.71795069175934,4.930993298937304,6.1216553054685665,14.170963573455811,7.2296080989298,8.97530499277096,0.22083333333333333,0.050711089352658695,0.06295603955671503,110.86666666666665,73.42318359271067,91.15230829487784,42.26389262708331,138.20427151796827,171.57575780091236,130.04353619999998,402.73960044110027,499.9870943434229,5782.4,1154.821544655277,1433.670460925578
original_compatible,FullSync,1.2,5,10.543566234523766,4.683958230903775,5.814969929280739,7.815595531463623,11.373625153359587,14.119956881198696,0.17916666666666667,0.04504530898008263,0.05592217186014468,75.63333333333335,56.77237689033088,70.48091553270918,-77.29749456458333,164.23273685475874,203.8891849873795,-72.21302360000008,356.43682980542627,442.5038279230741,4014.4,1858.3726214083117,2307.104456993172
original_compatible,LatestOnly,0.5,5,-0.150179538729612,0.7146265767593731,0.8871838410307034,-2.1204541683197022,2.372263217322182,2.9450816153852797,-0.002083333333333334,0.004658474953124564,0.005783333333333335,-9.633333333333349,8.95389424899705,11.115945796517337,-18.796001733333355,141.3068055218198,175.4274449952891,-63.459150200000025,187.9721447716842,233.3608276389014,540.8,154.25692853158978,191.50456869495304
original_compatible,LatestOnly,0.8,5,4.3557320063270435,4.158460437167234,5.162582841727281,-1.445125436782837,12.943301189638687,16.068654649136388,0.0062500000000000056,0.047507309379130745,0.05897865904055653,-1.9999999999999545,37.12366720391007,46.087731319010864,88.1322454875,120.16859880554871,149.18510243914736,210.09523120000003,263.6109916470643,327.26380422051335,436.8,1291.4438431461122,1603.2822546755262
original_compatible,LatestOnly,1.0,5,6.269020144346373,10.987639929979446,13.640769758586558,3.9324203014373778,15.189119566491742,18.856759428095263,0.05208333333333333,0.12103072956898178,0.15025540755660008,32.3666666666666,90.75565485901635,112.66996371475608,27.305505120833324,226.0931573025166,280.68672821546414,225.04552860000004,478.3669859810849,593.875842078963,1955.2,937.154843128925,1163.4448821340184
original_compatible,LatestOnly,1.2,5,9.876636772183502,5.7004582148048,7.076919021930589,8.003418207168579,10.366304081734238,12.869403086336604,0.15833333333333333,0.04796193513842224,0.059543060982041485,48.9666666666667,72.75056318987815,90.3172736460874,-77.97301371041661,170.69915852922364,211.91702079064783,-162.45842500000003,574.4161591023694,713.1175231314395,2017.6,647.8123184997334,804.2362818352326
original_compatible,RateFIFO,0.5,5,16.266306517803308,7.636044988076409,9.479882141419425,36.308262300491336,17.370993702935333,21.56547967440002,0.1875,0.07254368894366729,0.09006044652219851,184.33333333333334,65.07741116888754,80.79132442423646,258.1341746541666,168.3304917918969,208.97640407908827,772.0268844,184.65546258209594,229.24328297973062,-8195.2,186.0408557279825,230.96319999999994
original_compatible,RateFIFO,0.8,5,6.4912889912869245,6.267591140409863,7.78099466601722,15.436701583862305,7.9056686234590225,9.814610432040995,0.08125,0.0766881763304415,0.09520568231174252,61.23333333333335,70.12395770665292,87.05643502454156,217.19267532916666,56.82164588092147,70.54208125721117,744.4283527999999,313.884903738925,389.6771035348981,-5491.2,1407.654503065294,1747.5537147482016
original_compatible,RateFIFO,1.0,5,-1.3438519062816763,4.983767470501639,6.1871725892617,7.022717761993408,8.79569969733084,10.919552806749454,-0.008333333333333342,0.06964381104352825,0.08646034977568233,-10.733333333333395,53.13486509711769,65.96507216856853,120.98559254166665,180.83085421910533,224.49516578360982,515.0996716,457.0495052166592,567.4109370771869,-3182.4,846.818044210207,1051.2949133845173
original_compatible,RateFIFO,1.2,5,-5.4368690250284395,3.4727364551210145,4.311280558740009,4.999696445465088,7.326357525116182,9.095416013453658,-0.06874999999999999,0.07604880103518326,0.0944119202984689,-49.23333333333335,109.03571025637021,135.36401161208084,94.25840480000006,179.86455407994097,223.29553803824956,291.34349199999997,408.67219273328317,507.3521996840549,-2100.8,655.282534484172,813.510293082417
original_compatible,StaticSemantic,0.5,5,-0.7083659101577148,0.4371427225177489,0.5426973642662368,-2.867600154876709,1.3269839426093508,1.6474040421626244,0.0,0.0,0.0,0.0,0.0,0.0,-85.90788574374997,63.73225672965009,79.12136234754753,-191.73203820000003,235.73533508109088,292.65715388349355,-41.6,271.1988200564302,336.6838271698835
original_compatible,StaticSemantic,0.8,5,-0.07907486006959381,3.6430428128617773,4.522709931122943,-5.920038938522339,13.964942311780995,17.33698628467018,-0.02291666666666666,0.04382434159992214,0.05440638366343909,-32.76666666666665,52.4026345817757,65.05603365496209,9.651739439583343,102.39336880461504,127.11777757285917,-111.75476399999998,288.44483088109723,358.09414498267466,603.2,979.4790452071959,1215.988895174557
original_compatible,StaticSemantic,1.0,5,10.341712047542224,4.4920916861577505,5.576774340607043,8.002181911468506,9.356369076269342,11.615604184254337,0.1333333333333333,0.06438140475151019,0.07992725685827638,40.09999999999995,39.052066384365446,48.48177129400739,15.003702725000016,28.819969343081542,35.77898154323972,296.97738400000014,250.11190122797908,310.5051567283737,769.6,507.36653417425947,629.8777644687578
original_compatible,StaticSemantic,1.2,5,7.960758013758662,6.403644572569001,7.949900232160189,4.854444217681885,15.089682023574293,18.73331120473334,0.11458333333333334,0.04885849749816073,0.06065611171917377,49.9666666666667,73.83346501116927,91.6616582918822,-39.44063188749992,200.78775875460673,249.27096309747168,-151.68640799999997,388.5943432351331,482.4262534392611,1393.6,491.1179084496919,609.7056652905235
reuse_intensive,AgeCov-Greedy,0.5,5,10.73127018007862,21.67836663922804,26.91293216308434,-15.669040060043335,39.04596641149766,48.474198391550324,-0.00625,0.05781015385629837,0.07176927925264712,46.9,74.43328481861386,92.40631355380674,7.705990433333318,97.2843544363418,120.77511535103149,1731.7380371999998,2183.4491669149043,2710.675591416068,7092.8,557.1527618167212,691.6856206368902
reuse_intensive,AgeCov-Greedy,0.8,5,63.457602099190105,23.654787369371117,29.366589208435812,32.12520198822021,14.108319255181456,17.51498373326506,0.2520833333333333,0.0734356530500607,0.09116778868901254,177.0333333333333,100.85863318967243,125.21245711303827,120.71880539374993,137.08843237157262,170.19048262074642,143.8694586000003,527.7102834364473,655.1338159484534,5408.0,3625.858243230146,4501.375890397246
reuse_intensive,AgeCov-Greedy,1.0,5,46.84532377584033,26.749216109606255,33.20821400219437,25.2441367149353,25.660991647073082,31.857221483903462,0.22499999999999998,0.11305802959345945,0.14035758005101745,189.8666666666667,119.54964101437807,148.41668804138342,183.27877280208335,160.50595853007735,199.2625203540068,46.787989999999446,512.2605168475989,635.9534723800981,2620.8,1739.3203270243237,2159.305207356996
reuse_intensive,AgeCov-Greedy,1.2,5,47.37084006328467,17.07586814066705,21.199091635619197,26.56966552734375,20.463756453077764,25.40503619986625,0.22708333333333333,0.051769890165788236,0.06427050364583187,155.7666666666667,109.54790935679443,135.99988883812452,159.71021788125003,90.20025202920863,111.9804505733577,32.71419379999952,500.98282603905074,621.952614624631,790.4,2252.9866399958964,2797.003926339353
reuse_intensive,FullSync,0.5,5,29.98935762116349,29.62825207029239,36.78243621157506,14.815753269195557,45.07878716927244,55.96373385831561,0.06666666666666667,0.09898574181837166,0.1228873281370649,113.1,113.54028898246747,140.95628817499102,175.4254188083333,105.70130406790084,131.22446322968295,2298.6586348,2722.4463838389047,3379.821739581935,7092.8,557.1527618167212,691.6856206368902
reuse_intensive,FullSync,0.8,5,64.29002643147174,11.206030457313203,13.91189394174148,37.65037307739258,16.505275838153665,20.490721296382805,0.23541666666666666,0.07087927431751667,0.08799413411636532,232.46666666666667,61.825853096508965,76.75462907340214,240.7390067395832,135.2710114800523,167.93421830068692,476.45994559999997,514.0673020981835,638.1965329248097,6073.6,2924.601306161235,3630.7899883174955
reuse_intensive,FullSync,1.0,5,49.58074163642346,24.401608423310083,30.293741364182274,29.819808530807496,20.27493864498879,25.17062551086695,0.20833333333333331,0.11194888156356604,0.13898061165740588,196.3,103.86753048421288,128.9478976156046,211.7895399458333,152.01726701537171,188.72410744261978,293.32644619999974,864.7860692672486,1073.6015865537827,2974.4,2595.4199660170607,3222.1228952615943
reuse_intensive,FullSync,1.2,5,47.56929797034235,19.682660465716328,24.43533291591698,27.53797001838684,19.93796077099182,24.75227929437064,0.20833333333333331,0.09374999999999999,0.11638733822886402,187.7,99.1790888578166,123.12736170800278,213.0618788875,139.90067877634425,173.68178793802707,145.71749779999973,372.39451862672314,462.3147391358233,228.8,1209.2655622318862,1501.2607999999998
reuse_intensive,LatestOnly,0.5,5,17.703614322087798,23.24476400874342,28.857559581181288,-4.229410028457641,41.75024777660748,51.831468897225534,0.012499999999999997,0.0766881763304415,0.09520568231174252,70.33333333333333,106.35233633749876,132.03269696791867,104.08578602291668,136.0360463601733,168.8839822830818,2073.8024736,2758.3264792568107,3424.365620126871,4867.2,895.8499874420941,1112.166351901297
reuse_intensive,LatestOnly,0.8,5,55.04974524861775,19.041780763111028,23.639703233664854,24.2676983833313,21.83090221906288,27.102299737720855,0.19999999999999998,0.10453061420251751,0.12977109280489926,206.86666666666667,54.635839885554944,67.8284797459002,203.7098019979166,110.66650513617752,137.38858628149987,228.7493382000004,662.1012999299134,821.9755513249427,3432.0,1713.6347335415444,2127.4174435565765
reuse_intensive,LatestOnly,1.0,5,47.008399551112426,27.37164422236683,33.98093668254656,26.336257648468017,23.923937300715753,29.70072941210177,0.21458333333333335,0.12138880943297681,0.1506999511538666,198.4,135.88044172891276,168.69080458869783,226.0600515416667,197.37793317939065,245.0377841905479,414.31594559999996,738.1242108251229,916.3553299223139,3099.2,3100.3514639472733,3848.977647603041
reuse_intensive,LatestOnly,1.2,5,46.51967199054762,20.73774798850157,25.74518708525522,23.924024438858034,18.955351945362025,23.532404886528063,0.21041666666666667,0.10083204200275052,0.12517944508673226,174.96666666666673,81.87273321713677,101.64212792175412,154.66349788750009,104.95528895499562,130.29831162147448,-39.68763920000019,432.3202039600761,536.7103765490439,1081.6,1708.2613383203402,2120.746561774735
reuse_intensive,RateFIFO,0.5,5,29.40277955039101,4.391112612873486,5.451412361339065,54.9208119392395,21.415084663585468,26.586076820698462,0.09791666666666667,0.013975424859373692,0.017350000000000008,155.73333333333335,60.541606446402746,75.16028188156002,456.6545586208333,205.83096756053584,255.53193002071922,2501.7552155999992,2743.9611840195935,3406.5316097212017,-7259.2,557.1527618167212,691.6856206368902
reuse_intensive,RateFIFO,0.8,5,12.689162289999837,12.227451391287051,15.179952221383683,33.60417652130127,10.37422656875608,12.879238576220603,0.049999999999999996,0.03712193683584469,0.04608558312772249,130.0666666666667,36.56360515898589,45.392433925392304,431.32031031041663,231.126358883538,286.93527151983096,524.1588996000003,425.7629262256058,528.5697461325916,-4617.6,1009.9251457410098,1253.786661580733
reuse_intensive,RateFIFO,1.0,5,-11.078034146460503,13.384755319592937,16.61670447458187,20.406801795959474,13.70103523362338,17.009354899427283,-0.022916666666666675,0.052807466065152416,0.06555861774863098,89.60000000000005,37.4333852774944,46.47223544899329,378.69389997916664,242.2746021308784,300.77542466634674,284.0064386,696.9150956882773,865.195658225842,-2579.2,754.9855627758719,937.2881072288499
reuse_intensive,RateFIFO,1.2,5,-7.585819065917872,12.034790931560632,14.940771015095605,16.260373306274413,7.9007924703665,9.808556858929153,-0.024999999999999994,0.049190495637989974,0.061068275770284806,61.866666666666696,47.33441900163368,58.76402169823901,297.49809323750003,146.90530738658927,182.3777887831275,113.90657380000012,659.831685466281,819.1579045385117,-1934.4,581.8425903970935,722.3371772213859
reuse_intensive,StaticSemantic,0.5,5,-9.99607234189363,9.520754804735812,11.819683302963941,-23.809844064712525,33.24749856299721,41.27560384549576,-0.04375,0.03855574067358697,0.04786560032470546,-12.900000000000023,57.59685080125674,71.50447098798172,-2.0170766875000483,129.152221746276,160.33795536419282,69.96744640000006,391.7149977920535,486.30043666498625,2184.0,961.6485844631603,1193.8530032770364
reuse_intensive,StaticSemantic,0.8,5,10.414623388851204,21.635583731248378,26.85981868274894,-1.4142819404602052,16.75016870752122,20.794747208029936,0.002083333333333334,0.04852422791188382,0.06024112774693235,83.16666666666667,94.32523522366647,117.10147259193633,196.0134487374999,194.8582339628963,241.90966595113315,191.9855950000001,682.8149222276145,847.6907872108892,2100.8,683.5577517664473,848.6129840405695
reuse_intensive,StaticSemantic,1.0,5,30.748334078939173,33.600824847032946,41.71424603989805,17.87605209350586,32.1420367315268,39.90321173799233,0.13125,0.1556586030209845,0.19324469843238187,183.46666666666667,126.50040623562354,157.04581937743166,195.1252294125,188.54571504773858,234.07289502788447,-104.26377040000061,587.429166327114,729.2727153793435,1872.0,1050.348513589656,1303.9708555663349
reuse_intensive,StaticSemantic,1.2,5,37.22568730380274,24.219376991895196,30.067507430912784,25.05469880104065,22.731304861338042,28.22011805098637,0.12083333333333333,0.12513014058704375,0.1553446826147154,151.50000000000003,112.69409182975538,139.90576407663363,254.81840964375002,200.29286810364812,248.6565737046245,31.67539080000006,406.93904612500586,505.20055893207854,2163.2,1149.6587319722319,1427.2610099820704
