workload,policy,rho,n_runs,upserts_generated_mean,source_upserts_sent_mean,source_tombstones_sent_mean,net_msgs_sent_mean,net_msgs_delivered_mean,net_wire_bytes_sent_mean,relay_forwarded_mean,relay_drop_rate_limit_mean,relay_drop_superseded_mean,relay_drop_duplicate_holder_mean,relay_drop_low_utility_mean,relay_drop_queue_drop_mean,relay_drop_expired_mean,forwarded_bytes_per_request,forwarded_frames_per_request
original_compatible,Adaptive,0.5,5,120.0,120.0,0.0,120.0,108.8,12480.0,108.8,0.0,8.4,2.8,0.0,0.0,0.0,117.86666666666666,1.1333333333333333
original_compatible,Adaptive,0.8,5,120.0,120.0,0.0,120.0,82.8,12480.0,82.8,0.0,17.2,5.6,14.4,0.0,0.0,89.7,0.8625
original_compatible,Adaptive,1.0,5,120.0,120.0,0.0,120.0,60.6,12480.0,60.6,0.0,26.8,5.0,27.6,0.0,0.0,65.65,0.63125
original_compatible,Adaptive,1.2,5,120.0,120.0,0.0,120.0,50.2,12480.0,50.2,0.0,30.8,8.0,31.0,0.0,0.0,54.38333333333333,0.5229166666666667
original_compatible,AgeCov-Greedy,0.5,5,120.0,120.0,0.0,120.0,120.0,12480.0,120.0,0.0,0.0,0.0,0.0,0.0,0.0,130.0,1.25
original_compatible,AgeCov-Greedy,0.8,5,120.0,120.0,0.0,120.0,120.0,12480.0,120.0,0.0,0.0,0.0,0.0,0.0,0.0,130.0,1.25
original_compatible,AgeCov-Greedy,1.0,5,120.0,120.0,0.0,120.0,117.4,12480.0,118.2,0.0,0.0,0.0,0.0,0.0,0.0,128.05,1.23125
original_compatible,AgeCov-Greedy,1.2,5,120.0,120.0,0.0,120.0,100.4,12480.0,102.8,0.0,0.0,0.0,0.0,0.0,0.0,111.36666666666666,1.0708333333333333
original_compatible,FullSync,0.5,5,120.0,120.0,0.0,120.0,120.0,12480.0,120.0,0.0,0.0,0.0,0.0,0.0,0.0,130.0,1.25
original_compatible,FullSync,0.8,5,120.0,120.0,0.0,120.0,120.0,12480.0,120.0,0.0,0.0,0.0,0.0,0.0,0.0,130.0,1.25
original_compatible,FullSync,1.0,5,120.0,120.0,0.0,120.0,115.4,12480.0,116.2,0.0,0.0,0.0,0.0,0.0,0.0,125.88333333333334,1.2104166666666667
original_compatible,FullSync,1.2,5,120.0,120.0,0.0,120.0,84.8,12480.0,88.8,0.0,0.0,0.0,0.0,0.0,0.0,96.2,0.925
original_compatible,LatestOnly,0.5,5,120.0,120.0,0.0,120.0,114.0,12480.0,114.0,0.0,6.0,0.0,0.0,0.0,0.0,123.5,1.1875
original_compatible,LatestOnly,0.8,5,120.0,120.0,0.0,120.0,87.0,12480.0,87.0,0.0,33.0,0.0,0.0,0.0,0.0,94.25,0.90625
original_compatible,LatestOnly,1.0,5,120.0,120.0,0.0,120.0,79.4,12480.0,79.4,0.0,40.6,0.0,0.0,0.0,0.0,86.01666666666667,0.8270833333333333
original_compatible,LatestOnly,1.2,5,120.0,120.0,0.0,120.0,68.8,12480.0,69.6,0.0,50.4,0.0,0.0,0.0,0.0,75.4,0.725
original_compatible,RateFIFO,0.5,5,120.0,120.0,0.0,120.0,30.0,12480.0,30.0,90.0,0.0,0.0,0.0,0.0,0.0,32.5,0.3125
original_compatible,RateFIFO,0.8,5,120.0,120.0,0.0,120.0,30.0,12480.0,30.0,90.0,0.0,0.0,0.0,0.0,0.0,32.5,0.3125
original_compatible,RateFIFO,1.0,5,120.0,120.0,0.0,120.0,30.0,12480.0,30.0,90.0,0.0,0.0,0.0,0.0,0.0,32.5,0.3125
original_compatible,RateFIFO,1.2,5,120.0,120.0,0.0,120.0,30.0,12480.0,30.0,90.0,0.0,0.0,0.0,0.0,0.0,32.5,0.3125
original_compatible,StaticSemantic,0.5,5,120.0,120.0,0.0,120.0,108.4,12480.0,108.4,0.0,8.6,3.0,0.0,0.0,0.0,117.43333333333334,1.1291666666666667
original_compatible,StaticSemantic,0.8,5,120.0,120.0,0.0,120.0,88.6,12480.0,88.6,0.0,25.2,6.2,0.0,0.0,0.0,95.98333333333333,0.9229166666666667
original_compatible,StaticSemantic,1.0,5,120.0,120.0,0.0,120.0,68.0,12480.0,68.0,0.0,37.4,14.6,0.0,0.0,0.0,73.66666666666667,0.7083333333333334
original_compatible,StaticSemantic,1.2,5,120.0,120.0,0.0,120.0,63.6,12480.0,63.6,0.0,40.4,16.0,0.0,0.0,0.0,68.9,0.6625
reuse_intensive,Adaptive,0.5,5,184.0,184.0,0.0,184.0,115.8,19136.0,115.8,0.0,7.4,31.8,29.0,0.0,0.0,125.45,1.20625
reuse_intensive,Adaptive,0.8,5,184.0,184.0,0.0,184.0,90.0,19136.0,90.0,0.0,9.0,30.6,54.4,0.0,0.0,97.5,0.9375
reuse_intensive,Adaptive,1.0,5,184.0,184.0,0.0,184.0,68.8,19136.0,70.0,0.0,10.6,29.4,73.4,0.0,0.0,75.83333333333333,0.7291666666666666
reuse_intensive,Adaptive,1.2,5,184.0,184.0,0.0,184.0,59.6,19136.0,61.4,0.0,11.2,28.2,83.2,0.0,0.0,66.51666666666667,0.6395833333333333
reuse_intensive,AgeCov-Greedy,0.5,5,184.0,184.0,0.0,184.0,184.0,19136.0,184.0,0.0,0.0,0.0,0.0,0.0,0.0,199.33333333333334,1.9166666666666667
reuse_intensive,AgeCov-Greedy,0.8,5,184.0,184.0,0.0,184.0,138.8,19136.0,142.0,0.0,0.0,0.0,0.0,0.0,0.0,153.83333333333334,1.4791666666666667
reuse_intensive,AgeCov-Greedy,1.0,5,184.0,184.0,0.0,184.0,91.2,19136.0,95.2,0.0,0.0,0.0,0.0,0.0,0.0,103.13333333333334,0.9916666666666667
reuse_intensive,AgeCov-Greedy,1.2,5,184.0,184.0,0.0,184.0,65.0,19136.0,69.0,0.0,0.0,0.0,0.0,0.0,0.0,74.75,0.71875
reuse_intensive,FullSync,0.5,5,184.0,184.0,0.0,184.0,184.0,19136.0,184.0,0.0,0.0,0.0,0.0,0.0,0.0,199.33333333333334,1.9166666666666667
reuse_intensive,FullSync,0.8,5,184.0,184.0,0.0,184.0,145.2,19136.0,148.4,0.0,0.0,0.0,0.0,0.0,0.0,160.76666666666668,1.5458333333333334
reuse_intensive,FullSync,1.0,5,184.0,184.0,0.0,184.0,94.6,19136.0,98.6,0.0,0.0,0.0,0.0,0.0,0.0,106.81666666666666,1.0270833333333333
reuse_intensive,FullSync,1.2,5,184.0,184.0,0.0,184.0,59.6,19136.0,63.6,0.0,0.0,0.0,0.0,0.0,0.0,68.9,0.6625
reuse_intensive,LatestOnly,0.5,5,184.0,184.0,0.0,184.0,162.6,19136.0,162.6,0.0,21.4,0.0,0.0,0.0,0.0,176.15,1.69375
reuse_intensive,LatestOnly,0.8,5,184.0,184.0,0.0,184.0,121.4,19136.0,123.0,0.0,47.0,0.0,0.0,0.0,0.0,133.25,1.28125
reuse_intensive,LatestOnly,1.0,5,184.0,184.0,0.0,184.0,96.0,19136.0,99.8,0.0,51.4,0.0,0.0,0.0,0.0,108.11666666666666,1.0395833333333333
reuse_intensive,LatestOnly,1.2,5,184.0,184.0,0.0,184.0,67.8,19136.0,71.8,0.0,52.4,0.0,0.0,0.0,0.0,77.78333333333333,0.7479166666666667
reuse_intensive,RateFIFO,0.5,5,184.0,184.0,0.0,184.0,46.0,19136.0,46.0,138.0,0.0,0.0,0.0,0.0,0.0,49.833333333333336,0.4791666666666667
reuse_intensive,RateFIFO,0.8,5,184.0,184.0,0.0,184.0,45.6,19136.0,45.6,138.4,0.0,0.0,0.0,0.0,0.0,49.4,0.475
reuse_intensive,RateFIFO,1.0,5,184.0,184.0,0.0,184.0,45.2,19136.0,45.2,138.8,0.0,0.0,0.0,0.0,0.0,48.96666666666667,0.4708333333333333
reuse_intensive,RateFIFO,1.2,5,184.0,184.0,0.0,184.0,42.8,19136.0,42.8,141.2,0.0,0.0,0.0,0.0,0.0,46.36666666666667,0.44583333333333336
reuse_intensive,StaticSemantic,0.5,5,184.0,184.0,0.0,184.0,136.8,19136.0,136.8,0.0,14.2,33.0,0.0,0.0,0.0,148.2,1.425
reuse_intensive,StaticSemantic,0.8,5,184.0,184.0,0.0,184.0,110.2,19136.0,110.2,0.0,35.8,38.0,0.0,0.0,0.0,119.38333333333334,1.1479166666666667
reuse_intensive,StaticSemantic,1.0,5,184.0,184.0,0.0,184.0,86.2,19136.0,88.0,0.0,42.4,44.8,0.0,0.0,0.0,95.33333333333333,0.9166666666666666
reuse_intensive,StaticSemantic,1.2,5,184.0,184.0,0.0,184.0,79.0,19136.0,82.2,0.0,43.6,45.6,0.0,0.0,0.0,89.05,0.85625
