experiment_id,experiment,evidence_type,code_commit,model,hardware,cell_id,policy,wire_frame_bytes,wire_bytes_per_msg_assumed,rep,repetitions,seed,workload_trace_hash,zipf_alpha,pool_size,lineage_steps,distinct_lineages_total,phase_shift_at_request,n_requests,warmup_request_count,concurrency,fixed_output_tokens,kv_cache_tokens_per_instance_shadow,max_queue_relay,drain_timeout_s,topk,j,guard_ms,prefill_tokens_per_ms,queue_penalty_ms,cell_order_index,cell_order_sequence,generation_mode,vllm_cache_salt,semantic_prompt_contains_policy,metric_scope,status,request_count,overlap_fraction,overlap_seed_prefixes,overlap_seed_requests,cell_active_s,upserts_generated,upserts_per_s,offered_wire_bit_per_s,affinity_selection_rate,dispatch_state_age_defined_count,dispatch_state_age_mean_s,dispatch_state_age_p50_s,dispatch_state_age_p95_s,dispatcher_view_missing_at_dispatch_rate,source_view_false_negative_rate,source_view_false_positive_rate,physical_false_positive_affinity_rate,source_unique_prefixes_at_end,dispatcher_unique_prefixes_at_end,dispatcher_unique_prefixes_per_wire_byte,vllm_cached_token_rate,vllm_cached_tokens_total,stale_fallback_count,stale_fallback_rate,mean_coverage_shortfall_tokens,ttft_mean_ms,ttft_p50_ms,ttft_p95_ms,latency_p50_ms,latency_p95_ms,retried_request_count,request_error_rate,rho,sig_bit_per_s,background_traffic,source_local_topk,gateway_global_topk,source_upserts_sent,source_tombstones_sent,source_suppressed_upserts,net_msgs_sent,net_msgs_delivered,net_wire_bytes_sent,net_undelivered_at_drain_end,ad_delivery_delay_mean_s,ad_delivery_delay_p50_s,ad_delivery_delay_p95_s,ad_delivery_delay_p99_s,tombstone_delay_p95_s,tc_sig_backlog_bytes_before,tc_sig_backlog_bytes_mid,tc_sig_backlog_bytes_after,tc_sig_dropped_after,tc_class110_sent_bytes_after,tc_class120_sent_bytes_after,tc_class120_sent_bytes_before,relay_forwarded,relay_drop_superseded,relay_drop_replica_cap,relay_drop_low_utility,relay_drop_backlog_cap,relay_drop_global_topk,relay_max_queue,relay_ewma_dq_s
20260723_shared_link_live_v3_ideal_rep0,shared_link_live_v3,hybrid_live_vllm_real_kernel_link,fe93be1c637430b0995c83f7084fb8fc9a4ccce5,/home/byh/.cache/modelscope/qwen/Qwen2.5-1.5B-Instruct,3x Tesla T4; Qwen2.5-1.5B-Instruct; one vLLM instance/GPU on host; docker gateway+tc state channel,ideal,ideal,64,104,0,5,20260723,753341c0b7e2784a6a7d9bb2b2c6a9088f7cf0ab082de417cc614086785c607e,1.2,32,3,64,36,72,18,3,4,50000,200,60.0,8,4,0.5,50.0,2.0,0,"ideal,exact_fifo@rho1.2,agg_static@rho1.2,agg_full@rho0.8,agg_static@rho0.5,agg_static@rho0.8,exact_fifo@rho0.5,exact_fifo@rho0.8,agg_full@rho0.5,agg_full@rho1.2",greedy_temperature0_min_tokens_eq_max_tokens_ignore_eos,sharedlink-v3:formal_core_crossover_20260724:ideal:rep0,False,TTFT and cached-token telemetry are live vLLM measurements; the state channel is real kernel networking (docker + tc HTB).,Current,54,0.0,0,0,58.81233671307564,72,1.2242329419975653,1018.5618077419742,0.4074074074074074,35,4.152568224498204,1.774848461151123,18.483182430267334,0.0,0.0,0.0,0.0,31,31,0.0,1.0,84384.0,0,0.0,146.07407407407408,1303.771122462963,1126.803056,2736.383508,1715.13445,3541.519662,0,0.0,,,,,,,,,,,,,,,,,,,,,,,,,,,,,,,,
20260723_shared_link_live_v3_exact_fifo@rho1.2_rep0,shared_link_live_v3,hybrid_live_vllm_real_kernel_link,fe93be1c637430b0995c83f7084fb8fc9a4ccce5,/home/byh/.cache/modelscope/qwen/Qwen2.5-1.5B-Instruct,3x Tesla T4; Qwen2.5-1.5B-Instruct; one vLLM instance/GPU on host; docker gateway+tc state channel,exact_fifo@rho1.2,exact_fifo,64,104,0,5,20260723,753341c0b7e2784a6a7d9bb2b2c6a9088f7cf0ab082de417cc614086785c607e,1.2,32,3,64,36,72,18,3,4,50000,200,60.0,8,4,0.5,50.0,2.0,1,"ideal,exact_fifo@rho1.2,agg_static@rho1.2,agg_full@rho0.8,agg_static@rho0.5,agg_static@rho0.8,exact_fifo@rho0.5,exact_fifo@rho0.8,agg_full@rho0.5,agg_full@rho1.2",greedy_temperature0_min_tokens_eq_max_tokens_ignore_eos,sharedlink-v3:formal_core_crossover_20260724:exact_fifo@rho1.2:rep0,False,TTFT and cached-token telemetry are live vLLM measurements; the state channel is real kernel networking (docker + tc HTB).,Current,54,0.0,0,0,65.18744139559567,72,1.1045072249892693,918.9500111910721,0.2222222222222222,35,33.92414077350072,36.78443241119385,58.854734897613525,0.4074074074074074,0.4074074074074074,0.07407407407407407,0.0,31,20,0.002670940170940171,1.0,64800.0,0,0.0,35.25925925925926,1580.1753584444446,1907.860805,2778.400163,2211.256926,3151.038986,0,0.0,1.2,848,False,False,0,72,0,0,72,45,7488,27,22.57034313943651,25.160799264907837,48.1080596446991,51.003673791885376,0.0,0,1846,2740,0,90188,59597,53905,,,,,,,,
20260723_shared_link_live_v3_agg_static@rho1.2_rep0,shared_link_live_v3,hybrid_live_vllm_real_kernel_link,fe93be1c637430b0995c83f7084fb8fc9a4ccce5,/home/byh/.cache/modelscope/qwen/Qwen2.5-1.5B-Instruct,3x Tesla T4; Qwen2.5-1.5B-Instruct; one vLLM instance/GPU on host; docker gateway+tc state channel,agg_static@rho1.2,agg_static,64,104,0,5,20260723,753341c0b7e2784a6a7d9bb2b2c6a9088f7cf0ab082de417cc614086785c607e,1.2,32,3,64,36,72,18,3,4,50000,200,60.0,8,4,0.5,50.0,2.0,2,"ideal,exact_fifo@rho1.2,agg_static@rho1.2,agg_full@rho0.8,agg_static@rho0.5,agg_static@rho0.8,exact_fifo@rho0.5,exact_fifo@rho0.8,agg_full@rho0.5,agg_full@rho1.2",greedy_temperature0_min_tokens_eq_max_tokens_ignore_eos,sharedlink-v3:formal_core_crossover_20260724:agg_static@rho1.2:rep0,False,TTFT and cached-token telemetry are live vLLM measurements; the state channel is real kernel networking (docker + tc HTB).,Current,54,0.0,0,0,68.39374412689358,72,1.0527278615777431,875.8695808326822,0.0,35,66.32544703483582,66.26425862312317,88.43844771385193,0.6481481481481481,0.6481481481481481,0.0,0.0,31,18,0.002403846153846154,1.0,54560.0,0,0.0,0.0,1630.9944196111112,1839.240253,2877.982824,2140.559892,3262.008062,0,0.0,1.2,848,False,False,16,72,0,0,72,25,7488,47,48.813055458068845,49.22009491920471,54.90698289871216,54.907004833221436,0.0,2740,1764,2098,0,96266,65903,59663,,,,,,,,
20260723_shared_link_live_v3_agg_full@rho0.8_rep0,shared_link_live_v3,hybrid_live_vllm_real_kernel_link,fe93be1c637430b0995c83f7084fb8fc9a4ccce5,/home/byh/.cache/modelscope/qwen/Qwen2.5-1.5B-Instruct,3x Tesla T4; Qwen2.5-1.5B-Instruct; one vLLM instance/GPU on host; docker gateway+tc state channel,agg_full@rho0.8,agg_full,64,104,0,5,20260723,753341c0b7e2784a6a7d9bb2b2c6a9088f7cf0ab082de417cc614086785c607e,1.2,32,3,64,36,72,18,3,4,50000,200,60.0,8,4,0.5,50.0,2.0,3,"ideal,exact_fifo@rho1.2,agg_static@rho1.2,agg_full@rho0.8,agg_static@rho0.5,agg_static@rho0.8,exact_fifo@rho0.5,exact_fifo@rho0.8,agg_full@rho0.5,agg_full@rho1.2",greedy_temperature0_min_tokens_eq_max_tokens_ignore_eos,sharedlink-v3:formal_core_crossover_20260724:agg_full@rho0.8:rep0,False,TTFT and cached-token telemetry are live vLLM measurements; the state channel is real kernel networking (docker + tc HTB).,Current,54,0.0,0,0,67.36480661295354,72,1.0688073434794831,889.2477097749301,0.018518518518518517,35,50.355066544669015,51.827959060668945,74.10545325279236,0.6296296296296297,0.6296296296296297,0.0,0.0,31,20,0.002670940170940171,1.0,59184.0,0,0.0,0.0,1565.4444640555555,1820.977608,2983.101183,2109.039623,3385.307184,0,0.0,0.8,1273,False,False,16,72,0,0,72,38,7488,34,24.80959768044321,24.717324256896973,30.843113899230957,34.23556995391846,0.0,2098,2030,1892,0,102826,71819,65903,49,2,7,14,0,0,17,27.757
20260723_shared_link_live_v3_agg_static@rho0.5_rep0,shared_link_live_v3,hybrid_live_vllm_real_kernel_link,fe93be1c637430b0995c83f7084fb8fc9a4ccce5,/home/byh/.cache/modelscope/qwen/Qwen2.5-1.5B-Instruct,3x Tesla T4; Qwen2.5-1.5B-Instruct; one vLLM instance/GPU on host; docker gateway+tc state channel,agg_static@rho0.5,agg_static,64,104,0,5,20260723,753341c0b7e2784a6a7d9bb2b2c6a9088f7cf0ab082de417cc614086785c607e,1.2,32,3,64,36,72,18,3,4,50000,200,60.0,8,4,0.5,50.0,2.0,4,"ideal,exact_fifo@rho1.2,agg_static@rho1.2,agg_full@rho0.8,agg_static@rho0.5,agg_static@rho0.8,exact_fifo@rho0.5,exact_fifo@rho0.8,agg_full@rho0.5,agg_full@rho1.2",greedy_temperature0_min_tokens_eq_max_tokens_ignore_eos,sharedlink-v3:formal_core_crossover_20260724:agg_static@rho0.5:rep0,False,TTFT and cached-token telemetry are live vLLM measurements; the state channel is real kernel networking (docker + tc HTB).,Current,54,0.0,0,0,66.24190976284444,72,1.0869251846417223,904.3217536219129,0.3148148148148148,35,16.01925531114851,15.127207040786743,40.40162420272827,0.2037037037037037,0.2037037037037037,0.05555555555555555,0.0,31,31,0.004139957264957265,1.0,70048.0,0,0.0,98.37037037037037,1501.1459522777777,1821.783942,2507.306888,2221.093503,2863.244058,0,0.0,0.5,2037,False,False,16,72,0,0,72,68,7488,4,5.341346979141235,3.944077253341675,14.272667646408081,14.521929264068604,0.0,1892,456,0,0,114568,76897,71819,68,1,3,0,0,0,14,1.914
20260723_shared_link_live_v3_agg_static@rho0.8_rep0,shared_link_live_v3,hybrid_live_vllm_real_kernel_link,fe93be1c637430b0995c83f7084fb8fc9a4ccce5,/home/byh/.cache/modelscope/qwen/Qwen2.5-1.5B-Instruct,3x Tesla T4; Qwen2.5-1.5B-Instruct; one vLLM instance/GPU on host; docker gateway+tc state channel,agg_static@rho0.8,agg_static,64,104,0,5,20260723,753341c0b7e2784a6a7d9bb2b2c6a9088f7cf0ab082de417cc614086785c607e,1.2,32,3,64,36,72,18,3,4,50000,200,60.0,8,4,0.5,50.0,2.0,5,"ideal,exact_fifo@rho1.2,agg_static@rho1.2,agg_full@rho0.8,agg_static@rho0.5,agg_static@rho0.8,exact_fifo@rho0.5,exact_fifo@rho0.8,agg_full@rho0.5,agg_full@rho1.2",greedy_temperature0_min_tokens_eq_max_tokens_ignore_eos,sharedlink-v3:formal_core_crossover_20260724:agg_static@rho0.8:rep0,False,TTFT and cached-token telemetry are live vLLM measurements; the state channel is real kernel networking (docker + tc HTB).,Current,54,0.0,0,0,69.40479199402034,72,1.0373923461394892,863.110431988055,0.35185185185185186,35,26.860508496420724,20.684001922607422,51.92025279998779,0.25925925925925924,0.25925925925925924,0.12962962962962962,0.0,31,27,0.003605769230769231,1.0,70496.0,0,0.0,98.66666666666667,1603.1150454074075,1842.777682,3014.270869,2206.561001,3404.375548,0,0.0,0.8,1273,False,False,16,72,0,0,72,59,7488,13,10.73653907695059,10.729104280471802,17.405023097991943,17.57979440689087,0.0,0,1358,1428,0,122566,81843,76897,71,0,1,0,0,0,2,13.441
20260723_shared_link_live_v3_exact_fifo@rho0.5_rep0,shared_link_live_v3,hybrid_live_vllm_real_kernel_link,fe93be1c637430b0995c83f7084fb8fc9a4ccce5,/home/byh/.cache/modelscope/qwen/Qwen2.5-1.5B-Instruct,3x Tesla T4; Qwen2.5-1.5B-Instruct; one vLLM instance/GPU on host; docker gateway+tc state channel,exact_fifo@rho0.5,exact_fifo,64,104,0,5,20260723,753341c0b7e2784a6a7d9bb2b2c6a9088f7cf0ab082de417cc614086785c607e,1.2,32,3,64,36,72,18,3,4,50000,200,60.0,8,4,0.5,50.0,2.0,6,"ideal,exact_fifo@rho1.2,agg_static@rho1.2,agg_full@rho0.8,agg_static@rho0.5,agg_static@rho0.8,exact_fifo@rho0.5,exact_fifo@rho0.8,agg_full@rho0.5,agg_full@rho1.2",greedy_temperature0_min_tokens_eq_max_tokens_ignore_eos,sharedlink-v3:formal_core_crossover_20260724:exact_fifo@rho0.5:rep0,False,TTFT and cached-token telemetry are live vLLM measurements; the state channel is real kernel networking (docker + tc HTB).,Current,54,0.0,0,0,69.940854257904,72,1.029441243804415,856.4951148452733,0.35185185185185186,35,12.823896925789969,8.28568696975708,36.0685498714447,0.07407407407407407,0.07407407407407407,0.05555555555555555,0.0,31,31,0.004139957264957265,1.0,74592.0,0,0.0,116.14814814814815,1731.8125305740741,1930.009272,3284.199928,2270.633634,4000.679949,0,0.0,0.5,2037,False,False,0,72,0,0,72,72,7488,0,3.21209094259474,2.8601999282836914,8.035815238952637,8.601637840270996,0.0,1428,390,0,0,135156,86789,81843,72,0,0,0,0,0,9,0.031
20260723_shared_link_live_v3_exact_fifo@rho0.8_rep0,shared_link_live_v3,hybrid_live_vllm_real_kernel_link,fe93be1c637430b0995c83f7084fb8fc9a4ccce5,/home/byh/.cache/modelscope/qwen/Qwen2.5-1.5B-Instruct,3x Tesla T4; Qwen2.5-1.5B-Instruct; one vLLM instance/GPU on host; docker gateway+tc state channel,exact_fifo@rho0.8,exact_fifo,64,104,0,5,20260723,753341c0b7e2784a6a7d9bb2b2c6a9088f7cf0ab082de417cc614086785c607e,1.2,32,3,64,36,72,18,3,4,50000,200,60.0,8,4,0.5,50.0,2.0,7,"ideal,exact_fifo@rho1.2,agg_static@rho1.2,agg_full@rho0.8,agg_static@rho0.5,agg_static@rho0.8,exact_fifo@rho0.5,exact_fifo@rho0.8,agg_full@rho0.5,agg_full@rho1.2",greedy_temperature0_min_tokens_eq_max_tokens_ignore_eos,sharedlink-v3:formal_core_crossover_20260724:exact_fifo@rho0.8:rep0,False,TTFT and cached-token telemetry are live vLLM measurements; the state channel is real kernel networking (docker + tc HTB).,Current,54,0.0,0,0,68.70260779652745,72,1.0479951534480068,871.9319676687415,0.3148148148148148,35,28.003323997770035,21.609583377838135,57.021097898483276,0.2777777777777778,0.2777777777777778,0.1111111111111111,0.0,31,28,0.0037393162393162395,1.0,67920.0,0,0.0,89.77777777777777,1669.2899168703705,1901.889591,3157.224782,2280.866839,3823.347802,0,0.0,0.8,1273,False,False,0,72,0,0,72,63,7488,9,12.465250874322559,13.154511213302612,22.133816242218018,23.115763902664185,0.0,0,1626,1170,0,143960,91735,86789,72,0,0,0,0,0,2,13.664
20260723_shared_link_live_v3_agg_full@rho0.5_rep0,shared_link_live_v3,hybrid_live_vllm_real_kernel_link,fe93be1c637430b0995c83f7084fb8fc9a4ccce5,/home/byh/.cache/modelscope/qwen/Qwen2.5-1.5B-Instruct,3x Tesla T4; Qwen2.5-1.5B-Instruct; one vLLM instance/GPU on host; docker gateway+tc state channel,agg_full@rho0.5,agg_full,64,104,0,5,20260723,753341c0b7e2784a6a7d9bb2b2c6a9088f7cf0ab082de417cc614086785c607e,1.2,32,3,64,36,72,18,3,4,50000,200,60.0,8,4,0.5,50.0,2.0,8,"ideal,exact_fifo@rho1.2,agg_static@rho1.2,agg_full@rho0.8,agg_static@rho0.5,agg_static@rho0.8,exact_fifo@rho0.5,exact_fifo@rho0.8,agg_full@rho0.5,agg_full@rho1.2",greedy_temperature0_min_tokens_eq_max_tokens_ignore_eos,sharedlink-v3:formal_core_crossover_20260724:agg_full@rho0.5:rep0,False,TTFT and cached-token telemetry are live vLLM measurements; the state channel is real kernel networking (docker + tc HTB).,Current,54,0.0,0,0,66.85358526278287,72,1.0769803850756545,896.0476803829446,0.3148148148148148,35,14.89836209842137,9.75742483139038,40.856425523757935,0.12962962962962962,0.12962962962962962,0.07407407407407407,0.0,31,31,0.004139957264957265,1.0,76176.0,0,0.0,98.66666666666667,1541.0937103148149,1875.732535,2538.175201,2303.376697,3163.310452,0,0.0,0.5,2037,False,False,16,72,0,0,72,71,7488,1,4.571549422304395,4.092499732971191,11.773514986038208,12.304231882095337,0.0,1170,456,0,0,155796,96681,91735,71,0,1,0,0,0,12,1.921
20260723_shared_link_live_v3_agg_full@rho1.2_rep0,shared_link_live_v3,hybrid_live_vllm_real_kernel_link,fe93be1c637430b0995c83f7084fb8fc9a4ccce5,/home/byh/.cache/modelscope/qwen/Qwen2.5-1.5B-Instruct,3x Tesla T4; Qwen2.5-1.5B-Instruct; one vLLM instance/GPU on host; docker gateway+tc state channel,agg_full@rho1.2,agg_full,64,104,0,5,20260723,753341c0b7e2784a6a7d9bb2b2c6a9088f7cf0ab082de417cc614086785c607e,1.2,32,3,64,36,72,18,3,4,50000,200,60.0,8,4,0.5,50.0,2.0,9,"ideal,exact_fifo@rho1.2,agg_static@rho1.2,agg_full@rho0.8,agg_static@rho0.5,agg_static@rho0.8,exact_fifo@rho0.5,exact_fifo@rho0.8,agg_full@rho0.5,agg_full@rho1.2",greedy_temperature0_min_tokens_eq_max_tokens_ignore_eos,sharedlink-v3:formal_core_crossover_20260724:agg_full@rho1.2:rep0,False,TTFT and cached-token telemetry are live vLLM measurements; the state channel is real kernel networking (docker + tc HTB).,Current,54,0.0,0,0,71.01045768894255,72,1.0139351631191011,843.5940557150922,0.12962962962962962,35,40.198778411320276,41.66374588012695,64.76867461204529,0.5185185185185185,0.5185185185185185,0.037037037037037035,0.0,31,20,0.002670940170940171,1.0,61696.0,0,0.0,8.88888888888889,1655.9572262592592,1845.807321,3022.23866,2219.447476,3429.178141,0,0.0,1.2,848,False,False,16,72,0,0,72,43,7488,29,29.524832986121954,32.673577070236206,47.73874878883362,47.73911118507385,0.0,0,1338,1290,0,161272,102211,96681,,,,,,,,
20260723_shared_link_live_v3_exact_fifo@rho0.5_rep1,shared_link_live_v3,hybrid_live_vllm_real_kernel_link,fe93be1c637430b0995c83f7084fb8fc9a4ccce5,/home/byh/.cache/modelscope/qwen/Qwen2.5-1.5B-Instruct,3x Tesla T4; Qwen2.5-1.5B-Instruct; one vLLM instance/GPU on host; docker gateway+tc state channel,exact_fifo@rho0.5,exact_fifo,64,104,1,5,20260723,8186655a28dbf8dce4423420d20f4a388ad992111ba8317f6a017fd04d7b9870,1.2,32,3,64,36,72,18,3,4,50000,200,60.0,8,4,0.5,50.0,2.0,0,"exact_fifo@rho0.5,exact_fifo@rho1.2,agg_full@rho1.2,agg_full@rho0.8,agg_static@rho0.8,exact_fifo@rho0.8,ideal,agg_static@rho1.2,agg_full@rho0.5,agg_static@rho0.5",greedy_temperature0_min_tokens_eq_max_tokens_ignore_eos,sharedlink-v3:formal_core_crossover_20260724:exact_fifo@rho0.5:rep1,False,TTFT and cached-token telemetry are live vLLM measurements; the state channel is real kernel networking (docker + tc HTB).,Current,54,0.0,0,0,63.74258369766176,72,1.12954316915524,939.7799167371597,0.24074074074074073,28,15.407413848808833,12.5203218460083,46.81186270713806,0.07407407407407407,0.07407407407407407,0.05555555555555555,0.0,33,33,0.004407051282051282,1.0,65312.0,0,0.0,107.55555555555556,1479.2043492222222,1885.666573,2311.524021,2276.843392,2800.422098,0,0.0,0.5,2037,False,False,0,72,0,0,72,72,7488,0,4.7096129092905255,4.018487453460693,8.10617995262146,8.610682964324951,0.0,1290,390,0,0,172470,108115,102211,72,0,0,0,0,0,6,2.027
20260723_shared_link_live_v3_exact_fifo@rho1.2_rep1,shared_link_live_v3,hybrid_live_vllm_real_kernel_link,fe93be1c637430b0995c83f7084fb8fc9a4ccce5,/home/byh/.cache/modelscope/qwen/Qwen2.5-1.5B-Instruct,3x Tesla T4; Qwen2.5-1.5B-Instruct; one vLLM instance/GPU on host; docker gateway+tc state channel,exact_fifo@rho1.2,exact_fifo,64,104,1,5,20260723,8186655a28dbf8dce4423420d20f4a388ad992111ba8317f6a017fd04d7b9870,1.2,32,3,64,36,72,18,3,4,50000,200,60.0,8,4,0.5,50.0,2.0,1,"exact_fifo@rho0.5,exact_fifo@rho1.2,agg_full@rho1.2,agg_full@rho0.8,agg_static@rho0.8,exact_fifo@rho0.8,ideal,agg_static@rho1.2,agg_full@rho0.5,agg_static@rho0.5",greedy_temperature0_min_tokens_eq_max_tokens_ignore_eos,sharedlink-v3:formal_core_crossover_20260724:exact_fifo@rho1.2:rep1,False,TTFT and cached-token telemetry are live vLLM measurements; the state channel is real kernel networking (docker + tc HTB).,Current,54,0.0,0,0,67.72028779238462,72,1.0631968992916276,884.5798202106342,0.12962962962962962,28,37.815066916602,44.21491074562073,64.40743613243103,0.3333333333333333,0.3333333333333333,0.0,0.0,33,20,0.002670940170940171,1.0,52928.0,0,0.0,44.74074074074074,1672.3001367037036,2023.04797,2978.239169,2327.080697,3403.63859,0,0.0,1.2,848,False,False,0,72,0,0,72,45,7488,27,27.065198034710356,27.708971738815308,50.11387872695923,53.648308515548706,0.0,0,2538,3048,0,178296,113399,108115,,,,,,,,
20260723_shared_link_live_v3_agg_full@rho1.2_rep1,shared_link_live_v3,hybrid_live_vllm_real_kernel_link,fe93be1c637430b0995c83f7084fb8fc9a4ccce5,/home/byh/.cache/modelscope/qwen/Qwen2.5-1.5B-Instruct,3x Tesla T4; Qwen2.5-1.5B-Instruct; one vLLM instance/GPU on host; docker gateway+tc state channel,agg_full@rho1.2,agg_full,64,104,1,5,20260723,8186655a28dbf8dce4423420d20f4a388ad992111ba8317f6a017fd04d7b9870,1.2,32,3,64,36,72,18,3,4,50000,200,60.0,8,4,0.5,50.0,2.0,2,"exact_fifo@rho0.5,exact_fifo@rho1.2,agg_full@rho1.2,agg_full@rho0.8,agg_static@rho0.8,exact_fifo@rho0.8,ideal,agg_static@rho1.2,agg_full@rho0.5,agg_static@rho0.5",greedy_temperature0_min_tokens_eq_max_tokens_ignore_eos,sharedlink-v3:formal_core_crossover_20260724:agg_full@rho1.2:rep1,False,TTFT and cached-token telemetry are live vLLM measurements; the state channel is real kernel networking (docker + tc HTB).,Current,54,0.0,0,0,72.90070212259889,72,0.9876448086729789,821.7204808159184,0.0,28,55.38826322555542,59.287050008773804,80.8502357006073,0.5185185185185185,0.5185185185185185,0.0,0.0,33,13,0.001736111111111111,1.0,50896.0,0,0.0,0.0,1723.7762185925926,2103.087032,3082.691235,2430.395063,3478.051166,0,0.0,1.2,848,False,False,16,72,0,0,72,18,7488,54,45.01302497916751,44.62804412841797,60.78385615348816,60.79057502746582,0.0,3048,272,1624,0,183246,118963,113477,,,,,,,,
20260723_shared_link_live_v3_agg_full@rho0.8_rep1,shared_link_live_v3,hybrid_live_vllm_real_kernel_link,fe93be1c637430b0995c83f7084fb8fc9a4ccce5,/home/byh/.cache/modelscope/qwen/Qwen2.5-1.5B-Instruct,3x Tesla T4; Qwen2.5-1.5B-Instruct; one vLLM instance/GPU on host; docker gateway+tc state channel,agg_full@rho0.8,agg_full,64,104,1,5,20260723,8186655a28dbf8dce4423420d20f4a388ad992111ba8317f6a017fd04d7b9870,1.2,32,3,64,36,72,18,3,4,50000,200,60.0,8,4,0.5,50.0,2.0,3,"exact_fifo@rho0.5,exact_fifo@rho1.2,agg_full@rho1.2,agg_full@rho0.8,agg_static@rho0.8,exact_fifo@rho0.8,ideal,agg_static@rho1.2,agg_full@rho0.5,agg_static@rho0.5",greedy_temperature0_min_tokens_eq_max_tokens_ignore_eos,sharedlink-v3:formal_core_crossover_20260724:agg_full@rho0.8:rep1,False,TTFT and cached-token telemetry are live vLLM measurements; the state channel is real kernel networking (docker + tc HTB).,Current,54,0.0,0,0,72.91139631625265,72,0.9874999470274924,821.5999559268737,0.09259259259259259,28,41.74682143756321,42.665496587753296,67.1904456615448,0.4074074074074074,0.4074074074074074,0.018518518518518517,0.0,33,23,0.0030715811965811965,1.0,54976.0,0,0.0,36.148148148148145,1777.132290351852,2124.507515,3182.455642,2502.132253,3612.252398,0,0.0,0.8,1273,False,False,16,72,0,0,72,41,7488,31,20.734218957947522,21.91325545310974,26.80021643638611,30.534244775772095,0.0,1624,1686,1256,0,190068,124171,119093,54,5,3,10,0,0,11,22.371
20260723_shared_link_live_v3_agg_static@rho0.8_rep1,shared_link_live_v3,hybrid_live_vllm_real_kernel_link,fe93be1c637430b0995c83f7084fb8fc9a4ccce5,/home/byh/.cache/modelscope/qwen/Qwen2.5-1.5B-Instruct,3x Tesla T4; Qwen2.5-1.5B-Instruct; one vLLM instance/GPU on host; docker gateway+tc state channel,agg_static@rho0.8,agg_static,64,104,1,5,20260723,8186655a28dbf8dce4423420d20f4a388ad992111ba8317f6a017fd04d7b9870,1.2,32,3,64,36,72,18,3,4,50000,200,60.0,8,4,0.5,50.0,2.0,4,"exact_fifo@rho0.5,exact_fifo@rho1.2,agg_full@rho1.2,agg_full@rho0.8,agg_static@rho0.8,exact_fifo@rho0.8,ideal,agg_static@rho1.2,agg_full@rho0.5,agg_static@rho0.5",greedy_temperature0_min_tokens_eq_max_tokens_ignore_eos,sharedlink-v3:formal_core_crossover_20260724:agg_static@rho0.8:rep1,False,TTFT and cached-token telemetry are live vLLM measurements; the state channel is real kernel networking (docker + tc HTB).,Current,54,0.0,0,0,72.70280319452286,72,0.9903332036229409,823.9572254142868,0.18518518518518517,28,30.7007109948567,24.49134063720703,59.43910884857178,0.2777777777777778,0.2777777777777778,0.037037037037037035,0.0,33,29,0.003872863247863248,1.0,57040.0,0,0.0,45.03703703703704,1768.5642083333335,1999.013333,3050.891897,2325.254347,3452.431268,0,0.0,0.8,1273,False,False,16,72,0,0,72,53,7488,19,16.38054491888802,17.513447046279907,21.283268451690674,24.400863885879517,0.0,1190,1686,1428,0,198100,129249,124171,65,2,5,0,0,0,8,19.342
20260723_shared_link_live_v3_exact_fifo@rho0.8_rep1,shared_link_live_v3,hybrid_live_vllm_real_kernel_link,fe93be1c637430b0995c83f7084fb8fc9a4ccce5,/home/byh/.cache/modelscope/qwen/Qwen2.5-1.5B-Instruct,3x Tesla T4; Qwen2.5-1.5B-Instruct; one vLLM instance/GPU on host; docker gateway+tc state channel,exact_fifo@rho0.8,exact_fifo,64,104,1,5,20260723,8186655a28dbf8dce4423420d20f4a388ad992111ba8317f6a017fd04d7b9870,1.2,32,3,64,36,72,18,3,4,50000,200,60.0,8,4,0.5,50.0,2.0,5,"exact_fifo@rho0.5,exact_fifo@rho1.2,agg_full@rho1.2,agg_full@rho0.8,agg_static@rho0.8,exact_fifo@rho0.8,ideal,agg_static@rho1.2,agg_full@rho0.5,agg_static@rho0.5",greedy_temperature0_min_tokens_eq_max_tokens_ignore_eos,sharedlink-v3:formal_core_crossover_20260724:exact_fifo@rho0.8:rep1,False,TTFT and cached-token telemetry are live vLLM measurements; the state channel is real kernel networking (docker + tc HTB).,Current,54,0.0,0,0,70.85903993993998,72,1.0161018278123313,845.3967207398597,0.12962962962962962,28,36.83871064015797,39.8715615272522,62.65730285644531,0.2962962962962963,0.2962962962962963,0.037037037037037035,0.0,33,24,0.003205128205128205,1.0,56064.0,0,0.0,71.70370370370371,1674.9107158333334,2002.969527,2829.584398,2405.226928,3231.508454,0,0.0,0.8,1273,False,False,0,72,0,0,72,51,7488,21,18.87487670019561,19.206363677978516,26.942923307418823,29.491443634033203,0.0,1428,1802,1636,0,205716,134261,129249,72,0,0,0,0,0,9,24.708
20260723_shared_link_live_v3_ideal_rep1,shared_link_live_v3,hybrid_live_vllm_real_kernel_link,fe93be1c637430b0995c83f7084fb8fc9a4ccce5,/home/byh/.cache/modelscope/qwen/Qwen2.5-1.5B-Instruct,3x Tesla T4; Qwen2.5-1.5B-Instruct; one vLLM instance/GPU on host; docker gateway+tc state channel,ideal,ideal,64,104,1,5,20260723,8186655a28dbf8dce4423420d20f4a388ad992111ba8317f6a017fd04d7b9870,1.2,32,3,64,36,72,18,3,4,50000,200,60.0,8,4,0.5,50.0,2.0,6,"exact_fifo@rho0.5,exact_fifo@rho1.2,agg_full@rho1.2,agg_full@rho0.8,agg_static@rho0.8,exact_fifo@rho0.8,ideal,agg_static@rho1.2,agg_full@rho0.5,agg_static@rho0.5",greedy_temperature0_min_tokens_eq_max_tokens_ignore_eos,sharedlink-v3:formal_core_crossover_20260724:ideal:rep1,False,TTFT and cached-token telemetry are live vLLM measurements; the state channel is real kernel networking (docker + tc HTB).,Current,54,0.0,0,0,60.86948353983462,72,1.1828587300708946,984.1384634189843,0.2777777777777778,28,6.10321718454361,4.953328609466553,17.62108874320984,0.0,0.0,0.0,0.0,33,33,0.0,1.0,66784.0,0,0.0,128.0,1426.0099457222223,1684.742596,2290.237572,2139.289149,2637.909503,0,0.0,,,,,,,,,,,,,,,,,,,,,,,,,,,,,,,,
20260723_shared_link_live_v3_agg_static@rho1.2_rep1,shared_link_live_v3,hybrid_live_vllm_real_kernel_link,fe93be1c637430b0995c83f7084fb8fc9a4ccce5,/home/byh/.cache/modelscope/qwen/Qwen2.5-1.5B-Instruct,3x Tesla T4; Qwen2.5-1.5B-Instruct; one vLLM instance/GPU on host; docker gateway+tc state channel,agg_static@rho1.2,agg_static,64,104,1,5,20260723,8186655a28dbf8dce4423420d20f4a388ad992111ba8317f6a017fd04d7b9870,1.2,32,3,64,36,72,18,3,4,50000,200,60.0,8,4,0.5,50.0,2.0,7,"exact_fifo@rho0.5,exact_fifo@rho1.2,agg_full@rho1.2,agg_full@rho0.8,agg_static@rho0.8,exact_fifo@rho0.8,ideal,agg_static@rho1.2,agg_full@rho0.5,agg_static@rho0.5",greedy_temperature0_min_tokens_eq_max_tokens_ignore_eos,sharedlink-v3:formal_core_crossover_20260724:agg_static@rho1.2:rep1,False,TTFT and cached-token telemetry are live vLLM measurements; the state channel is real kernel networking (docker + tc HTB).,Current,54,0.0,0,0,68.26289605535567,72,1.0547457573674262,877.5484701296986,0.05555555555555555,28,37.531911168779644,44.86065912246704,65.23323488235474,0.2962962962962963,0.2962962962962963,0.0,0.0,33,18,0.002403846153846154,1.0,54992.0,0,0.0,8.88888888888889,1728.8770612222222,2107.067726,2786.508854,2473.456053,3198.843764,0,0.0,1.2,820,False,False,16,72,0,0,72,41,7488,31,21.102903709179017,23.93350625038147,44.99995493888855,47.63332986831665,0.0,0,1648,2276,0,214594,140883,135137,,,,,,,,
20260723_shared_link_live_v3_agg_full@rho0.5_rep1,shared_link_live_v3,hybrid_live_vllm_real_kernel_link,fe93be1c637430b0995c83f7084fb8fc9a4ccce5,/home/byh/.cache/modelscope/qwen/Qwen2.5-1.5B-Instruct,3x Tesla T4; Qwen2.5-1.5B-Instruct; one vLLM instance/GPU on host; docker gateway+tc state channel,agg_full@rho0.5,agg_full,64,104,1,5,20260723,8186655a28dbf8dce4423420d20f4a388ad992111ba8317f6a017fd04d7b9870,1.2,32,3,64,36,72,18,3,4,50000,200,60.0,8,4,0.5,50.0,2.0,8,"exact_fifo@rho0.5,exact_fifo@rho1.2,agg_full@rho1.2,agg_full@rho0.8,agg_static@rho0.8,exact_fifo@rho0.8,ideal,agg_static@rho1.2,agg_full@rho0.5,agg_static@rho0.5",greedy_temperature0_min_tokens_eq_max_tokens_ignore_eos,sharedlink-v3:formal_core_crossover_20260724:agg_full@rho0.5:rep1,False,TTFT and cached-token telemetry are live vLLM measurements; the state channel is real kernel networking (docker + tc HTB).,Current,54,0.0,0,0,71.5758484210819,72,1.0059259036151804,836.9303518078301,0.24074074074074073,28,22.713106547083175,15.450069189071655,59.427428007125854,0.1111111111111111,0.1111111111111111,0.09259259259259259,0.0,33,33,0.004407051282051282,1.0,61664.0,0,0.0,72.0,1674.3329648333333,2016.910039,2422.938534,2404.184979,3001.06141,1,0.0,0.5,1968,False,False,16,72,0,0,72,69,7488,3,7.537990100141885,7.755417346954346,10.880867004394531,10.97069764137268,0.0,2276,780,0,0,226036,147255,140949,69,0,3,0,0,0,6,3.896
20260723_shared_link_live_v3_agg_static@rho0.5_rep1,shared_link_live_v3,hybrid_live_vllm_real_kernel_link,fe93be1c637430b0995c83f7084fb8fc9a4ccce5,/home/byh/.cache/modelscope/qwen/Qwen2.5-1.5B-Instruct,3x Tesla T4; Qwen2.5-1.5B-Instruct; one vLLM instance/GPU on host; docker gateway+tc state channel,agg_static@rho0.5,agg_static,64,104,1,5,20260723,8186655a28dbf8dce4423420d20f4a388ad992111ba8317f6a017fd04d7b9870,1.2,32,3,64,36,72,18,3,4,50000,200,60.0,8,4,0.5,50.0,2.0,9,"exact_fifo@rho0.5,exact_fifo@rho1.2,agg_full@rho1.2,agg_full@rho0.8,agg_static@rho0.8,exact_fifo@rho0.8,ideal,agg_static@rho1.2,agg_full@rho0.5,agg_static@rho0.5",greedy_temperature0_min_tokens_eq_max_tokens_ignore_eos,sharedlink-v3:formal_core_crossover_20260724:agg_static@rho0.5:rep1,False,TTFT and cached-token telemetry are live vLLM measurements; the state channel is real kernel networking (docker + tc HTB).,Current,54,0.0,0,0,68.75010866578668,72,1.0472710719631286,871.329531873323,0.3148148148148148,28,12.158454937594277,8.388903617858887,38.41157388687134,0.037037037037037035,0.037037037037037035,0.0,0.0,33,33,0.004407051282051282,1.0,64240.0,0,0.0,107.55555555555556,1610.4817965555555,2034.245739,2497.097492,2397.162741,3138.848832,0,0.0,0.5,1968,False,False,16,72,0,0,72,70,7488,2,0.6678296157291957,0.0030388832092285156,2.594834804534912,3.3222897052764893,0.0,0,260,0,0,239834,152135,147255,70,2,0,0,0,0,2,2.202
20260723_shared_link_live_v3_ideal_rep2,shared_link_live_v3,hybrid_live_vllm_real_kernel_link,fe93be1c637430b0995c83f7084fb8fc9a4ccce5,/home/byh/.cache/modelscope/qwen/Qwen2.5-1.5B-Instruct,3x Tesla T4; Qwen2.5-1.5B-Instruct; one vLLM instance/GPU on host; docker gateway+tc state channel,ideal,ideal,64,104,2,5,20260723,8884636b39d07ac27e31a049302ed76855a17359a5bf71a560add86d0885be1c,1.2,32,3,64,36,72,18,3,4,50000,200,60.0,8,4,0.5,50.0,2.0,0,"ideal,agg_full@rho1.2,exact_fifo@rho0.5,agg_static@rho1.2,agg_static@rho0.5,agg_static@rho0.8,exact_fifo@rho0.8,agg_full@rho0.8,agg_full@rho0.5,exact_fifo@rho1.2",greedy_temperature0_min_tokens_eq_max_tokens_ignore_eos,sharedlink-v3:formal_core_crossover_20260724:ideal:rep2,False,TTFT and cached-token telemetry are live vLLM measurements; the state channel is real kernel networking (docker + tc HTB).,Current,54,0.0,0,0,71.08206950966269,72,1.0129136714317601,842.7441746312244,0.3888888888888889,27,4.726466223045632,2.627392292022705,19.035305976867676,0.0,0.0,0.0,0.0,33,33,0.0,1.0,65888.0,0,0.0,144.88888888888889,1768.9180490925926,2122.147556,3712.054786,2493.15213,4470.446927,0,0.0,,,,,,,,,,,,,,,,,,,,,,,,,,,,,,,,
20260723_shared_link_live_v3_agg_full@rho1.2_rep2,shared_link_live_v3,hybrid_live_vllm_real_kernel_link,fe93be1c637430b0995c83f7084fb8fc9a4ccce5,/home/byh/.cache/modelscope/qwen/Qwen2.5-1.5B-Instruct,3x Tesla T4; Qwen2.5-1.5B-Instruct; one vLLM instance/GPU on host; docker gateway+tc state channel,agg_full@rho1.2,agg_full,64,104,2,5,20260723,8884636b39d07ac27e31a049302ed76855a17359a5bf71a560add86d0885be1c,1.2,32,3,64,36,72,18,3,4,50000,200,60.0,8,4,0.5,50.0,2.0,1,"ideal,agg_full@rho1.2,exact_fifo@rho0.5,agg_static@rho1.2,agg_static@rho0.5,agg_static@rho0.8,exact_fifo@rho0.8,agg_full@rho0.8,agg_full@rho0.5,exact_fifo@rho1.2",greedy_temperature0_min_tokens_eq_max_tokens_ignore_eos,sharedlink-v3:formal_core_crossover_20260724:agg_full@rho1.2:rep2,False,TTFT and cached-token telemetry are live vLLM measurements; the state channel is real kernel networking (docker + tc HTB).,Current,54,0.0,0,0,74.78499273117632,72,0.9627600053236977,801.0163244293165,0.18518518518518517,27,37.858533214639735,33.72045111656189,68.90740609169006,0.2777777777777778,0.2777777777777778,0.09259259259259259,0.0,33,12,0.0016025641025641025,1.0,54544.0,0,0.0,62.81481481481482,1788.7554886296296,2177.695269,3289.11077,2592.589261,3728.63362,0,0.0,1.2,702,False,False,16,72,0,0,72,31,7488,41,22.64454581660609,17.375521183013916,56.998143434524536,58.89336371421814,0.0,0,1234,1868,0,245638,157989,153227,,,,,,,,
20260723_shared_link_live_v3_exact_fifo@rho0.5_rep2,shared_link_live_v3,hybrid_live_vllm_real_kernel_link,fe93be1c637430b0995c83f7084fb8fc9a4ccce5,/home/byh/.cache/modelscope/qwen/Qwen2.5-1.5B-Instruct,3x Tesla T4; Qwen2.5-1.5B-Instruct; one vLLM instance/GPU on host; docker gateway+tc state channel,exact_fifo@rho0.5,exact_fifo,64,104,2,5,20260723,8884636b39d07ac27e31a049302ed76855a17359a5bf71a560add86d0885be1c,1.2,32,3,64,36,72,18,3,4,50000,200,60.0,8,4,0.5,50.0,2.0,2,"ideal,agg_full@rho1.2,exact_fifo@rho0.5,agg_static@rho1.2,agg_static@rho0.5,agg_static@rho0.8,exact_fifo@rho0.8,agg_full@rho0.8,agg_full@rho0.5,exact_fifo@rho1.2",greedy_temperature0_min_tokens_eq_max_tokens_ignore_eos,sharedlink-v3:formal_core_crossover_20260724:exact_fifo@rho0.5:rep2,False,TTFT and cached-token telemetry are live vLLM measurements; the state channel is real kernel networking (docker + tc HTB).,Current,54,0.0,0,0,74.76616161130369,72,0.9630024926826593,801.2180739119725,0.18518518518518517,27,34.10904680358039,22.66789221763611,70.89150023460388,0.2037037037037037,0.2037037037037037,0.018518518518518517,0.0,33,33,0.004407051282051282,1.0,56048.0,0,0.0,62.22222222222222,1877.798938185185,2117.858684,3653.494508,2461.075958,4356.970719,0,0.0,0.5,1685,False,False,0,72,0,0,72,72,7488,0,12.226785666412777,12.563658475875854,16.466565132141113,16.843148231506348,0.0,1868,1296,0,0,256622,164157,157989,72,0,0,0,0,0,6,9.903
20260723_shared_link_live_v3_agg_static@rho1.2_rep2,shared_link_live_v3,hybrid_live_vllm_real_kernel_link,fe93be1c637430b0995c83f7084fb8fc9a4ccce5,/home/byh/.cache/modelscope/qwen/Qwen2.5-1.5B-Instruct,3x Tesla T4; Qwen2.5-1.5B-Instruct; one vLLM instance/GPU on host; docker gateway+tc state channel,agg_static@rho1.2,agg_static,64,104,2,5,20260723,8884636b39d07ac27e31a049302ed76855a17359a5bf71a560add86d0885be1c,1.2,32,3,64,36,72,18,3,4,50000,200,60.0,8,4,0.5,50.0,2.0,3,"ideal,agg_full@rho1.2,exact_fifo@rho0.5,agg_static@rho1.2,agg_static@rho0.5,agg_static@rho0.8,exact_fifo@rho0.8,agg_full@rho0.8,agg_full@rho0.5,exact_fifo@rho1.2",greedy_temperature0_min_tokens_eq_max_tokens_ignore_eos,sharedlink-v3:formal_core_crossover_20260724:agg_static@rho1.2:rep2,False,TTFT and cached-token telemetry are live vLLM measurements; the state channel is real kernel networking (docker + tc HTB).,Current,54,0.0,0,0,81.54562706779689,72,0.882941275810404,734.6071414742562,0.14814814814814814,27,42.493389995009814,38.10038208961487,75.04363369941711,0.2962962962962963,0.2962962962962963,0.0,0.0,33,17,0.0022702991452991455,1.0,50416.0,0,0.0,44.74074074074074,1907.5914436666667,2208.027742,3539.649443,2527.664289,3993.62819,0,0.0,1.2,702,False,False,16,72,0,0,72,42,7488,30,28.66366654350644,29.273972988128662,47.40167593955994,47.402087450027466,0.0,0,1908,2826,0,261532,169207,164157,,,,,,,,
20260723_shared_link_live_v3_agg_static@rho0.5_rep2,shared_link_live_v3,hybrid_live_vllm_real_kernel_link,fe93be1c637430b0995c83f7084fb8fc9a4ccce5,/home/byh/.cache/modelscope/qwen/Qwen2.5-1.5B-Instruct,3x Tesla T4; Qwen2.5-1.5B-Instruct; one vLLM instance/GPU on host; docker gateway+tc state channel,agg_static@rho0.5,agg_static,64,104,2,5,20260723,8884636b39d07ac27e31a049302ed76855a17359a5bf71a560add86d0885be1c,1.2,32,3,64,36,72,18,3,4,50000,200,60.0,8,4,0.5,50.0,2.0,4,"ideal,agg_full@rho1.2,exact_fifo@rho0.5,agg_static@rho1.2,agg_static@rho0.5,agg_static@rho0.8,exact_fifo@rho0.8,agg_full@rho0.8,agg_full@rho0.5,exact_fifo@rho1.2",greedy_temperature0_min_tokens_eq_max_tokens_ignore_eos,sharedlink-v3:formal_core_crossover_20260724:agg_static@rho0.5:rep2,False,TTFT and cached-token telemetry are live vLLM measurements; the state channel is real kernel networking (docker + tc HTB).,Current,54,0.0,0,0,76.60780840925872,72,0.9398519745579639,781.9568428322259,0.14814814814814814,27,28.925273612693505,23.792375564575195,60.0202374458313,0.24074074074074073,0.24074074074074073,0.0,0.0,33,33,0.004407051282051282,1.0,59664.0,0,0.0,44.148148148148145,1705.1031871481482,2112.798251,3262.020674,2495.496605,3691.293336,0,0.0,0.5,1685,False,False,16,72,0,0,72,61,7488,11,7.9155111547376285,6.365810871124268,17.031031370162964,23.60349154472351,0.0,2826,712,0,0,272770,175177,169207,61,7,4,0,0,0,13,3.427
20260723_shared_link_live_v3_agg_static@rho0.8_rep2,shared_link_live_v3,hybrid_live_vllm_real_kernel_link,fe93be1c637430b0995c83f7084fb8fc9a4ccce5,/home/byh/.cache/modelscope/qwen/Qwen2.5-1.5B-Instruct,3x Tesla T4; Qwen2.5-1.5B-Instruct; one vLLM instance/GPU on host; docker gateway+tc state channel,agg_static@rho0.8,agg_static,64,104,2,5,20260723,8884636b39d07ac27e31a049302ed76855a17359a5bf71a560add86d0885be1c,1.2,32,3,64,36,72,18,3,4,50000,200,60.0,8,4,0.5,50.0,2.0,5,"ideal,agg_full@rho1.2,exact_fifo@rho0.5,agg_static@rho1.2,agg_static@rho0.5,agg_static@rho0.8,exact_fifo@rho0.8,agg_full@rho0.8,agg_full@rho0.5,exact_fifo@rho1.2",greedy_temperature0_min_tokens_eq_max_tokens_ignore_eos,sharedlink-v3:formal_core_crossover_20260724:agg_static@rho0.8:rep2,False,TTFT and cached-token telemetry are live vLLM measurements; the state channel is real kernel networking (docker + tc HTB).,Current,54,0.0,0,0,74.89383686799556,72,0.9613608143338136,799.8521975257329,0.2037037037037037,27,28.063855912950302,21.23961639404297,60.46999406814575,0.18518518518518517,0.18518518518518517,0.1111111111111111,0.0,33,22,0.002938034188034188,1.0,56576.0,0,0.0,62.51851851851852,1714.639379037037,2078.259619,3236.6822,2464.2338,3670.897759,0,0.0,0.8,1053,False,False,16,72,0,0,72,51,7488,21,13.284044966978186,13.472701072692871,24.867633819580078,24.86799430847168,0.0,0,1268,1642,0,279808,179859,175177,68,3,1,0,0,0,2,21.204
20260723_shared_link_live_v3_exact_fifo@rho0.8_rep2,shared_link_live_v3,hybrid_live_vllm_real_kernel_link,fe93be1c637430b0995c83f7084fb8fc9a4ccce5,/home/byh/.cache/modelscope/qwen/Qwen2.5-1.5B-Instruct,3x Tesla T4; Qwen2.5-1.5B-Instruct; one vLLM instance/GPU on host; docker gateway+tc state channel,exact_fifo@rho0.8,exact_fifo,64,104,2,5,20260723,8884636b39d07ac27e31a049302ed76855a17359a5bf71a560add86d0885be1c,1.2,32,3,64,36,72,18,3,4,50000,200,60.0,8,4,0.5,50.0,2.0,6,"ideal,agg_full@rho1.2,exact_fifo@rho0.5,agg_static@rho1.2,agg_static@rho0.5,agg_static@rho0.8,exact_fifo@rho0.8,agg_full@rho0.8,agg_full@rho0.5,exact_fifo@rho1.2",greedy_temperature0_min_tokens_eq_max_tokens_ignore_eos,sharedlink-v3:formal_core_crossover_20260724:exact_fifo@rho0.8:rep2,False,TTFT and cached-token telemetry are live vLLM measurements; the state channel is real kernel networking (docker + tc HTB).,Current,54,0.0,0,0,77.50372517388314,72,0.928987604640483,772.9176870608818,0.12962962962962962,27,41.17888034714593,36.07089829444885,71.11763882637024,0.3333333333333333,0.3333333333333333,0.018518518518518517,0.0,33,13,0.001736111111111111,1.0,51984.0,0,0.0,17.77777777777778,1829.4616527222222,2133.284787,3157.140466,2469.271493,3611.894758,0,0.0,0.8,1053,False,False,0,72,0,0,72,39,7488,33,27.548662699185886,25.61400866508484,38.65207481384277,42.55546021461487,0.0,1642,2032,1900,0,285962,184871,179859,72,0,0,0,0,0,15,35.396
20260723_shared_link_live_v3_agg_full@rho0.8_rep2,shared_link_live_v3,hybrid_live_vllm_real_kernel_link,fe93be1c637430b0995c83f7084fb8fc9a4ccce5,/home/byh/.cache/modelscope/qwen/Qwen2.5-1.5B-Instruct,3x Tesla T4; Qwen2.5-1.5B-Instruct; one vLLM instance/GPU on host; docker gateway+tc state channel,agg_full@rho0.8,agg_full,64,104,2,5,20260723,8884636b39d07ac27e31a049302ed76855a17359a5bf71a560add86d0885be1c,1.2,32,3,64,36,72,18,3,4,50000,200,60.0,8,4,0.5,50.0,2.0,7,"ideal,agg_full@rho1.2,exact_fifo@rho0.5,agg_static@rho1.2,agg_static@rho0.5,agg_static@rho0.8,exact_fifo@rho0.8,agg_full@rho0.8,agg_full@rho0.5,exact_fifo@rho1.2",greedy_temperature0_min_tokens_eq_max_tokens_ignore_eos,sharedlink-v3:formal_core_crossover_20260724:agg_full@rho0.8:rep2,False,TTFT and cached-token telemetry are live vLLM measurements; the state channel is real kernel networking (docker + tc HTB).,Current,54,0.0,0,0,78.11190913245082,72,0.9217544520376895,766.8997040953577,0.0,27,43.95717340928537,36.002487897872925,72.03427028656006,0.5,0.5,0.0,0.0,33,12,0.0016025641025641025,1.0,49856.0,0,0.0,0.0,1858.3320862777778,2191.527577,3180.391669,2547.296418,3637.365207,0,0.0,0.8,1053,False,False,16,72,0,0,72,25,7488,47,40.654853391647336,40.591012716293335,46.713074684143066,49.85425400733948,0.0,1900,2032,1896,0,292164,190015,184871,39,4,4,25,0,0,11,42.472
20260723_shared_link_live_v3_agg_full@rho0.5_rep2,shared_link_live_v3,hybrid_live_vllm_real_kernel_link,fe93be1c637430b0995c83f7084fb8fc9a4ccce5,/home/byh/.cache/modelscope/qwen/Qwen2.5-1.5B-Instruct,3x Tesla T4; Qwen2.5-1.5B-Instruct; one vLLM instance/GPU on host; docker gateway+tc state channel,agg_full@rho0.5,agg_full,64,104,2,5,20260723,8884636b39d07ac27e31a049302ed76855a17359a5bf71a560add86d0885be1c,1.2,32,3,64,36,72,18,3,4,50000,200,60.0,8,4,0.5,50.0,2.0,8,"ideal,agg_full@rho1.2,exact_fifo@rho0.5,agg_static@rho1.2,agg_static@rho0.5,agg_static@rho0.8,exact_fifo@rho0.8,agg_full@rho0.8,agg_full@rho0.5,exact_fifo@rho1.2",greedy_temperature0_min_tokens_eq_max_tokens_ignore_eos,sharedlink-v3:formal_core_crossover_20260724:agg_full@rho0.5:rep2,False,TTFT and cached-token telemetry are live vLLM measurements; the state channel is real kernel networking (docker + tc HTB).,Current,54,0.0,0,0,79.30026187654585,72,0.9079415161590406,755.4073414443218,0.2222222222222222,27,21.579077579357005,13.490720987319946,51.838154315948486,0.1111111111111111,0.1111111111111111,0.037037037037037035,0.0,33,33,0.004407051282051282,1.0,58672.0,0,0.0,71.4074074074074,1788.734481537037,2177.156281,3688.598102,2541.611963,4172.627039,0,0.0,0.5,1685,False,False,16,72,0,0,72,68,7488,4,6.201167359071619,6.205077171325684,12.947284936904907,17.08467936515808,0.0,1896,522,0,0,304006,195093,190015,68,2,2,0,0,0,10,2.811
20260723_shared_link_live_v3_exact_fifo@rho1.2_rep2,shared_link_live_v3,hybrid_live_vllm_real_kernel_link,fe93be1c637430b0995c83f7084fb8fc9a4ccce5,/home/byh/.cache/modelscope/qwen/Qwen2.5-1.5B-Instruct,3x Tesla T4; Qwen2.5-1.5B-Instruct; one vLLM instance/GPU on host; docker gateway+tc state channel,exact_fifo@rho1.2,exact_fifo,64,104,2,5,20260723,8884636b39d07ac27e31a049302ed76855a17359a5bf71a560add86d0885be1c,1.2,32,3,64,36,72,18,3,4,50000,200,60.0,8,4,0.5,50.0,2.0,9,"ideal,agg_full@rho1.2,exact_fifo@rho0.5,agg_static@rho1.2,agg_static@rho0.5,agg_static@rho0.8,exact_fifo@rho0.8,agg_full@rho0.8,agg_full@rho0.5,exact_fifo@rho1.2",greedy_temperature0_min_tokens_eq_max_tokens_ignore_eos,sharedlink-v3:formal_core_crossover_20260724:exact_fifo@rho1.2:rep2,False,TTFT and cached-token telemetry are live vLLM measurements; the state channel is real kernel networking (docker + tc HTB).,Current,54,0.0,0,0,80.90016623865813,72,0.8899858102590006,740.4681941354885,0.18518518518518517,27,42.022181290167346,37.687187910079956,74.44431710243225,0.2962962962962963,0.2962962962962963,0.037037037037037035,0.0,33,12,0.0016025641025641025,1.0,50416.0,0,0.0,62.81481481481482,1901.9871213148149,2319.506998,3424.743152,2678.082043,3896.155915,0,0.0,1.2,702,False,False,0,72,0,0,72,35,7488,37,30.96279236248561,32.97486758232117,54.11849617958069,57.67413401603699,0.0,0,1338,1880,0,308718,200047,195093,,,,,,,,
20260723_shared_link_live_v3_exact_fifo@rho0.5_rep3,shared_link_live_v3,hybrid_live_vllm_real_kernel_link,fe93be1c637430b0995c83f7084fb8fc9a4ccce5,/home/byh/.cache/modelscope/qwen/Qwen2.5-1.5B-Instruct,3x Tesla T4; Qwen2.5-1.5B-Instruct; one vLLM instance/GPU on host; docker gateway+tc state channel,exact_fifo@rho0.5,exact_fifo,64,104,3,5,20260723,2a7c09666b1626e3a31c935dc2a5c4e460a858a744b094494727645d6a54f046,1.2,32,3,64,36,72,18,3,4,50000,200,60.0,8,4,0.5,50.0,2.0,0,"exact_fifo@rho0.5,exact_fifo@rho1.2,agg_static@rho1.2,ideal,agg_full@rho0.5,agg_static@rho0.5,agg_full@rho0.8,agg_full@rho1.2,agg_static@rho0.8,exact_fifo@rho0.8",greedy_temperature0_min_tokens_eq_max_tokens_ignore_eos,sharedlink-v3:formal_core_crossover_20260724:exact_fifo@rho0.5:rep3,False,TTFT and cached-token telemetry are live vLLM measurements; the state channel is real kernel networking (docker + tc HTB).,Current,54,0.0,0,0,76.40691859647632,72,0.9423230425015523,784.0127713612915,0.2777777777777778,33,28.769628069617532,22.537470817565918,64.35800862312317,0.2222222222222222,0.2222222222222222,0.018518518518518517,0.0,28,28,0.0037393162393162395,1.0,64816.0,0,0.0,63.111111111111114,1919.4957740555556,2153.031478,4286.253174,2529.389004,4773.736465,0,0.0,0.5,1685,False,False,0,72,0,0,72,72,7488,0,9.918548888630337,9.160993099212646,19.052395343780518,20.251854419708252,0.0,1880,456,0,0,320938,206263,200125,72,0,0,0,0,0,6,3.743
20260723_shared_link_live_v3_exact_fifo@rho1.2_rep3,shared_link_live_v3,hybrid_live_vllm_real_kernel_link,fe93be1c637430b0995c83f7084fb8fc9a4ccce5,/home/byh/.cache/modelscope/qwen/Qwen2.5-1.5B-Instruct,3x Tesla T4; Qwen2.5-1.5B-Instruct; one vLLM instance/GPU on host; docker gateway+tc state channel,exact_fifo@rho1.2,exact_fifo,64,104,3,5,20260723,2a7c09666b1626e3a31c935dc2a5c4e460a858a744b094494727645d6a54f046,1.2,32,3,64,36,72,18,3,4,50000,200,60.0,8,4,0.5,50.0,2.0,1,"exact_fifo@rho0.5,exact_fifo@rho1.2,agg_static@rho1.2,ideal,agg_full@rho0.5,agg_static@rho0.5,agg_full@rho0.8,agg_full@rho1.2,agg_static@rho0.8,exact_fifo@rho0.8",greedy_temperature0_min_tokens_eq_max_tokens_ignore_eos,sharedlink-v3:formal_core_crossover_20260724:exact_fifo@rho1.2:rep3,False,TTFT and cached-token telemetry are live vLLM measurements; the state channel is real kernel networking (docker + tc HTB).,Current,54,0.0,0,0,84.57212655153126,72,0.8513443250848038,708.3184784705569,0.07407407407407407,33,48.44377655693979,49.52123188972473,79.48429584503174,0.46296296296296297,0.46296296296296297,0.037037037037037035,0.0,28,18,0.002403846153846154,1.0,50352.0,0,0.0,26.962962962962962,2155.889754185185,2279.47799,4534.610388,2733.873,5052.440731,0,0.0,1.2,702,False,False,0,72,0,0,72,43,7488,29,39.737688158833706,45.513941049575806,62.29021668434143,65.09430193901062,0.0,0,1260,2566,0,326180,211403,206263,,,,,,,,
20260723_shared_link_live_v3_agg_static@rho1.2_rep3,shared_link_live_v3,hybrid_live_vllm_real_kernel_link,fe93be1c637430b0995c83f7084fb8fc9a4ccce5,/home/byh/.cache/modelscope/qwen/Qwen2.5-1.5B-Instruct,3x Tesla T4; Qwen2.5-1.5B-Instruct; one vLLM instance/GPU on host; docker gateway+tc state channel,agg_static@rho1.2,agg_static,64,104,3,5,20260723,2a7c09666b1626e3a31c935dc2a5c4e460a858a744b094494727645d6a54f046,1.2,32,3,64,36,72,18,3,4,50000,200,60.0,8,4,0.5,50.0,2.0,2,"exact_fifo@rho0.5,exact_fifo@rho1.2,agg_static@rho1.2,ideal,agg_full@rho0.5,agg_static@rho0.5,agg_full@rho0.8,agg_full@rho1.2,agg_static@rho0.8,exact_fifo@rho0.8",greedy_temperature0_min_tokens_eq_max_tokens_ignore_eos,sharedlink-v3:formal_core_crossover_20260724:agg_static@rho1.2:rep3,False,TTFT and cached-token telemetry are live vLLM measurements; the state channel is real kernel networking (docker + tc HTB).,Current,54,0.0,0,0,86.48149456921965,72,0.8325480538772525,692.679980825874,0.0,33,77.0001084949031,75.52221846580505,105.69741368293762,0.6111111111111112,0.6111111111111112,0.0,0.0,28,18,0.002403846153846154,1.0,52944.0,0,0.0,0.0,2083.0341003148146,2325.160208,4937.987702,2689.154856,5482.044913,0,0.0,1.2,702,False,False,16,72,0,0,72,25,7488,47,42.05818668365478,41.21835970878601,52.739240646362305,52.73939061164856,0.0,2566,1954,2226,0,331388,217103,211403,,,,,,,,
20260723_shared_link_live_v3_ideal_rep3,shared_link_live_v3,hybrid_live_vllm_real_kernel_link,fe93be1c637430b0995c83f7084fb8fc9a4ccce5,/home/byh/.cache/modelscope/qwen/Qwen2.5-1.5B-Instruct,3x Tesla T4; Qwen2.5-1.5B-Instruct; one vLLM instance/GPU on host; docker gateway+tc state channel,ideal,ideal,64,104,3,5,20260723,2a7c09666b1626e3a31c935dc2a5c4e460a858a744b094494727645d6a54f046,1.2,32,3,64,36,72,18,3,4,50000,200,60.0,8,4,0.5,50.0,2.0,3,"exact_fifo@rho0.5,exact_fifo@rho1.2,agg_static@rho1.2,ideal,agg_full@rho0.5,agg_static@rho0.5,agg_full@rho0.8,agg_full@rho1.2,agg_static@rho0.8,exact_fifo@rho0.8",greedy_temperature0_min_tokens_eq_max_tokens_ignore_eos,sharedlink-v3:formal_core_crossover_20260724:ideal:rep3,False,TTFT and cached-token telemetry are live vLLM measurements; the state channel is real kernel networking (docker + tc HTB).,Current,54,0.0,0,0,72.07048867456615,72,0.9990219481529473,831.1862608632522,0.37037037037037035,33,4.615419684034405,3.1347296237945557,12.427443265914917,0.0,0.0,0.0,0.0,28,28,0.0,1.0,80224.0,0,0.0,81.77777777777777,1637.0407622592593,1596.704261,3057.42188,2583.92026,3500.853454,0,0.0,,,,,,,,,,,,,,,,,,,,,,,,,,,,,,,,
20260723_shared_link_live_v3_agg_full@rho0.5_rep3,shared_link_live_v3,hybrid_live_vllm_real_kernel_link,fe93be1c637430b0995c83f7084fb8fc9a4ccce5,/home/byh/.cache/modelscope/qwen/Qwen2.5-1.5B-Instruct,3x Tesla T4; Qwen2.5-1.5B-Instruct; one vLLM instance/GPU on host; docker gateway+tc state channel,agg_full@rho0.5,agg_full,64,104,3,5,20260723,2a7c09666b1626e3a31c935dc2a5c4e460a858a744b094494727645d6a54f046,1.2,32,3,64,36,72,18,3,4,50000,200,60.0,8,4,0.5,50.0,2.0,4,"exact_fifo@rho0.5,exact_fifo@rho1.2,agg_static@rho1.2,ideal,agg_full@rho0.5,agg_static@rho0.5,agg_full@rho0.8,agg_full@rho1.2,agg_static@rho0.8,exact_fifo@rho0.8",greedy_temperature0_min_tokens_eq_max_tokens_ignore_eos,sharedlink-v3:formal_core_crossover_20260724:agg_full@rho0.5:rep3,False,TTFT and cached-token telemetry are live vLLM measurements; the state channel is real kernel networking (docker + tc HTB).,Current,54,0.0,0,0,73.18081120681018,72,0.9838644695605631,818.5752386743884,0.3888888888888889,33,12.895962758497758,9.045451879501343,40.313148498535156,0.07407407407407407,0.07407407407407407,0.018518518518518517,0.0,28,28,0.0037393162393162395,1.0,71408.0,0,0.0,63.111111111111114,1823.4853706851852,1590.009426,3525.54906,2090.428593,3975.247995,0,0.0,0.5,1662,False,False,16,72,0,0,72,72,7488,0,1.7936869429217444,1.879122018814087,3.9512360095977783,4.289591550827026,0.0,0,456,0,0,347256,223499,218421,72,0,0,0,0,0,2,3.526
20260723_shared_link_live_v3_agg_static@rho0.5_rep3,shared_link_live_v3,hybrid_live_vllm_real_kernel_link,fe93be1c637430b0995c83f7084fb8fc9a4ccce5,/home/byh/.cache/modelscope/qwen/Qwen2.5-1.5B-Instruct,3x Tesla T4; Qwen2.5-1.5B-Instruct; one vLLM instance/GPU on host; docker gateway+tc state channel,agg_static@rho0.5,agg_static,64,104,3,5,20260723,2a7c09666b1626e3a31c935dc2a5c4e460a858a744b094494727645d6a54f046,1.2,32,3,64,36,72,18,3,4,50000,200,60.0,8,4,0.5,50.0,2.0,5,"exact_fifo@rho0.5,exact_fifo@rho1.2,agg_static@rho1.2,ideal,agg_full@rho0.5,agg_static@rho0.5,agg_full@rho0.8,agg_full@rho1.2,agg_static@rho0.8,exact_fifo@rho0.8",greedy_temperature0_min_tokens_eq_max_tokens_ignore_eos,sharedlink-v3:formal_core_crossover_20260724:agg_static@rho0.5:rep3,False,TTFT and cached-token telemetry are live vLLM measurements; the state channel is real kernel networking (docker + tc HTB).,Current,54,0.0,0,0,74.56732320412993,72,0.9655703987509137,803.3545717607602,0.3888888888888889,33,14.005168661926731,9.406050443649292,40.57256293296814,0.07407407407407407,0.07407407407407407,0.05555555555555555,0.0,28,28,0.0037393162393162395,1.0,71408.0,0,0.0,71.70370370370371,1886.5071676851853,1747.814491,3386.927659,2265.596664,3848.120404,0,0.0,0.5,1662,False,False,16,72,0,0,72,72,7488,0,2.1335195865896015,2.259902238845825,4.473707675933838,5.2267844676971436,0.0,0,324,0,0,359464,228577,223499,72,0,0,0,0,0,2,2.63
20260723_shared_link_live_v3_agg_full@rho0.8_rep3,shared_link_live_v3,hybrid_live_vllm_real_kernel_link,fe93be1c637430b0995c83f7084fb8fc9a4ccce5,/home/byh/.cache/modelscope/qwen/Qwen2.5-1.5B-Instruct,3x Tesla T4; Qwen2.5-1.5B-Instruct; one vLLM instance/GPU on host; docker gateway+tc state channel,agg_full@rho0.8,agg_full,64,104,3,5,20260723,2a7c09666b1626e3a31c935dc2a5c4e460a858a744b094494727645d6a54f046,1.2,32,3,64,36,72,18,3,4,50000,200,60.0,8,4,0.5,50.0,2.0,6,"exact_fifo@rho0.5,exact_fifo@rho1.2,agg_static@rho1.2,ideal,agg_full@rho0.5,agg_static@rho0.5,agg_full@rho0.8,agg_full@rho1.2,agg_static@rho0.8,exact_fifo@rho0.8",greedy_temperature0_min_tokens_eq_max_tokens_ignore_eos,sharedlink-v3:formal_core_crossover_20260724:agg_full@rho0.8:rep3,False,TTFT and cached-token telemetry are live vLLM measurements; the state channel is real kernel networking (docker + tc HTB).,Current,54,0.0,0,0,87.95339926797897,72,0.8186153190126093,681.0879454184909,0.16666666666666666,33,40.01864422451366,39.82580327987671,74.669180393219,0.35185185185185186,0.35185185185185186,0.037037037037037035,0.0,28,23,0.0030715811965811965,1.0,49888.0,0,0.0,26.666666666666668,2337.8870875000002,2423.356946,4729.084768,2815.617046,5393.905855,0,0.0,0.8,1038,False,False,16,72,0,0,72,54,7488,18,19.961284584469265,20.415046453475952,34.520517110824585,36.13886260986328,0.0,0,1852,0,0,367614,233787,228577,54,0,4,14,0,0,2,16.351
20260723_shared_link_live_v3_agg_full@rho1.2_rep3,shared_link_live_v3,hybrid_live_vllm_real_kernel_link,fe93be1c637430b0995c83f7084fb8fc9a4ccce5,/home/byh/.cache/modelscope/qwen/Qwen2.5-1.5B-Instruct,3x Tesla T4; Qwen2.5-1.5B-Instruct; one vLLM instance/GPU on host; docker gateway+tc state channel,agg_full@rho1.2,agg_full,64,104,3,5,20260723,2a7c09666b1626e3a31c935dc2a5c4e460a858a744b094494727645d6a54f046,1.2,32,3,64,36,72,18,3,4,50000,200,60.0,8,4,0.5,50.0,2.0,7,"exact_fifo@rho0.5,exact_fifo@rho1.2,agg_static@rho1.2,ideal,agg_full@rho0.5,agg_static@rho0.5,agg_full@rho0.8,agg_full@rho1.2,agg_static@rho0.8,exact_fifo@rho0.8",greedy_temperature0_min_tokens_eq_max_tokens_ignore_eos,sharedlink-v3:formal_core_crossover_20260724:agg_full@rho1.2:rep3,False,TTFT and cached-token telemetry are live vLLM measurements; the state channel is real kernel networking (docker + tc HTB).,Current,54,0.0,0,0,86.44970565289259,72,0.8328541948897994,692.9346901483132,0.07407407407407407,33,48.79691155029066,49.641353130340576,81.35851693153381,0.46296296296296297,0.46296296296296297,0.037037037037037035,0.0,28,12,0.0016025641025641025,1.0,50896.0,0,0.0,26.962962962962962,2154.617412925926,2345.629929,4712.973995,2720.639614,5237.986906,0,0.0,1.2,692,False,False,16,72,0,0,72,34,7488,38,28.82702441075269,28.690675020217896,53.34589433670044,53.346089363098145,0.0,0,2098,1324,0,372300,239407,233787,,,,,,,,
20260723_shared_link_live_v3_agg_static@rho0.8_rep3,shared_link_live_v3,hybrid_live_vllm_real_kernel_link,fe93be1c637430b0995c83f7084fb8fc9a4ccce5,/home/byh/.cache/modelscope/qwen/Qwen2.5-1.5B-Instruct,3x Tesla T4; Qwen2.5-1.5B-Instruct; one vLLM instance/GPU on host; docker gateway+tc state channel,agg_static@rho0.8,agg_static,64,104,3,5,20260723,2a7c09666b1626e3a31c935dc2a5c4e460a858a744b094494727645d6a54f046,1.2,32,3,64,36,72,18,3,4,50000,200,60.0,8,4,0.5,50.0,2.0,8,"exact_fifo@rho0.5,exact_fifo@rho1.2,agg_static@rho1.2,ideal,agg_full@rho0.5,agg_static@rho0.5,agg_full@rho0.8,agg_full@rho1.2,agg_static@rho0.8,exact_fifo@rho0.8",greedy_temperature0_min_tokens_eq_max_tokens_ignore_eos,sharedlink-v3:formal_core_crossover_20260724:agg_static@rho0.8:rep3,False,TTFT and cached-token telemetry are live vLLM measurements; the state channel is real kernel networking (docker + tc HTB).,Current,54,0.0,0,0,90.25146914739162,72,0.7977709468907952,663.7454278131416,0.2037037037037037,33,54.049920147115536,47.866849184036255,101.2794623374939,0.37037037037037035,0.37037037037037035,0.037037037037037035,0.0,28,21,0.0028044871794871795,1.0,53520.0,0,0.0,53.333333333333336,2328.2246157592594,2422.838842,4704.438167,2827.187664,5200.519441,0,0.0,0.8,1038,False,False,16,72,0,0,72,48,7488,24,20.53603993852933,23.343778133392334,32.984315156936646,38.1862096786499,0.0,1258,1686,1336,0,379608,245849,239407,67,0,5,0,0,0,2,30.522
20260723_shared_link_live_v3_exact_fifo@rho0.8_rep3,shared_link_live_v3,hybrid_live_vllm_real_kernel_link,fe93be1c637430b0995c83f7084fb8fc9a4ccce5,/home/byh/.cache/modelscope/qwen/Qwen2.5-1.5B-Instruct,3x Tesla T4; Qwen2.5-1.5B-Instruct; one vLLM instance/GPU on host; docker gateway+tc state channel,exact_fifo@rho0.8,exact_fifo,64,104,3,5,20260723,2a7c09666b1626e3a31c935dc2a5c4e460a858a744b094494727645d6a54f046,1.2,32,3,64,36,72,18,3,4,50000,200,60.0,8,4,0.5,50.0,2.0,9,"exact_fifo@rho0.5,exact_fifo@rho1.2,agg_static@rho1.2,ideal,agg_full@rho0.5,agg_static@rho0.5,agg_full@rho0.8,agg_full@rho1.2,agg_static@rho0.8,exact_fifo@rho0.8",greedy_temperature0_min_tokens_eq_max_tokens_ignore_eos,sharedlink-v3:formal_core_crossover_20260724:exact_fifo@rho0.8:rep3,False,TTFT and cached-token telemetry are live vLLM measurements; the state channel is real kernel networking (docker + tc HTB).,Current,54,0.0,0,0,92.01776304189116,72,0.7824576214401338,651.0047410381912,0.05555555555555555,33,51.274767622803196,46.76958727836609,84.92328476905823,0.5185185185185185,0.5185185185185185,0.018518518518518517,0.0,28,23,0.0030715811965811965,1.0,49856.0,0,0.0,8.88888888888889,2271.856335277778,2430.762685,4853.319418,2804.192381,5389.030764,0,0.0,0.8,1038,False,False,0,72,0,0,72,56,7488,16,33.44344877770969,33.52853059768677,40.09379553794861,40.09426927566528,0.0,1490,0,1636,0,388016,250993,245849,72,0,0,0,0,0,21,30.506
20260723_shared_link_live_v3_agg_static@rho1.2_rep4,shared_link_live_v3,hybrid_live_vllm_real_kernel_link,fe93be1c637430b0995c83f7084fb8fc9a4ccce5,/home/byh/.cache/modelscope/qwen/Qwen2.5-1.5B-Instruct,3x Tesla T4; Qwen2.5-1.5B-Instruct; one vLLM instance/GPU on host; docker gateway+tc state channel,agg_static@rho1.2,agg_static,64,104,4,5,20260723,6a5d67797cacbe905d52611440fc5f4436b56fad1ab10f0d866ea316fe8f7920,1.2,32,3,64,36,72,18,3,4,50000,200,60.0,8,4,0.5,50.0,2.0,0,"agg_static@rho1.2,agg_full@rho0.8,exact_fifo@rho0.8,exact_fifo@rho0.5,agg_static@rho0.5,agg_full@rho1.2,exact_fifo@rho1.2,agg_full@rho0.5,agg_static@rho0.8,ideal",greedy_temperature0_min_tokens_eq_max_tokens_ignore_eos,sharedlink-v3:formal_core_crossover_20260724:agg_static@rho1.2:rep4,False,TTFT and cached-token telemetry are live vLLM measurements; the state channel is real kernel networking (docker + tc HTB).,Current,54,0.0,0,0,82.71159572154284,72,0.8704946310357192,724.2515330217184,0.0,32,49.65107107907534,54.761017084121704,76.00329279899597,0.5925925925925926,0.5925925925925926,0.0,0.0,30,19,0.0025373931623931625,1.0,50432.0,0,0.0,0.0,2029.6409318703704,2361.321975,3630.321823,2754.431651,4110.014846,0,0.0,1.2,692,False,False,16,72,0,0,72,25,7488,47,43.35952324867249,43.96720242500305,52.10507917404175,52.10527992248535,0.0,1636,1966,2706,0,392462,256397,250993,,,,,,,,
20260723_shared_link_live_v3_agg_full@rho0.8_rep4,shared_link_live_v3,hybrid_live_vllm_real_kernel_link,fe93be1c637430b0995c83f7084fb8fc9a4ccce5,/home/byh/.cache/modelscope/qwen/Qwen2.5-1.5B-Instruct,3x Tesla T4; Qwen2.5-1.5B-Instruct; one vLLM instance/GPU on host; docker gateway+tc state channel,agg_full@rho0.8,agg_full,64,104,4,5,20260723,6a5d67797cacbe905d52611440fc5f4436b56fad1ab10f0d866ea316fe8f7920,1.2,32,3,64,36,72,18,3,4,50000,200,60.0,8,4,0.5,50.0,2.0,1,"agg_static@rho1.2,agg_full@rho0.8,exact_fifo@rho0.8,exact_fifo@rho0.5,agg_static@rho0.5,agg_full@rho1.2,exact_fifo@rho1.2,agg_full@rho0.5,agg_static@rho0.8,ideal",greedy_temperature0_min_tokens_eq_max_tokens_ignore_eos,sharedlink-v3:formal_core_crossover_20260724:agg_full@rho0.8:rep4,False,TTFT and cached-token telemetry are live vLLM measurements; the state channel is real kernel networking (docker + tc HTB).,Current,54,0.0,0,0,84.36802546679974,72,0.8534038766657308,710.032025385888,0.037037037037037035,32,67.15679089725018,72.54528951644897,92.09598636627197,0.5555555555555556,0.5555555555555556,0.0,0.0,30,22,0.002938034188034188,1.0,52480.0,0,0.0,0.0,2062.194192796296,2390.779072,3709.01873,2769.433521,4323.041804,0,0.0,0.8,1038,False,False,16,72,0,0,72,35,7488,37,25.551382269178117,25.737881660461426,34.83253741264343,34.833043813705444,0.0,2706,1876,2112,0,399466,262977,256475,48,6,6,12,0,0,13,30.363
20260723_shared_link_live_v3_exact_fifo@rho0.8_rep4,shared_link_live_v3,hybrid_live_vllm_real_kernel_link,fe93be1c637430b0995c83f7084fb8fc9a4ccce5,/home/byh/.cache/modelscope/qwen/Qwen2.5-1.5B-Instruct,3x Tesla T4; Qwen2.5-1.5B-Instruct; one vLLM instance/GPU on host; docker gateway+tc state channel,exact_fifo@rho0.8,exact_fifo,64,104,4,5,20260723,6a5d67797cacbe905d52611440fc5f4436b56fad1ab10f0d866ea316fe8f7920,1.2,32,3,64,36,72,18,3,4,50000,200,60.0,8,4,0.5,50.0,2.0,2,"agg_static@rho1.2,agg_full@rho0.8,exact_fifo@rho0.8,exact_fifo@rho0.5,agg_static@rho0.5,agg_full@rho1.2,exact_fifo@rho1.2,agg_full@rho0.5,agg_static@rho0.8,ideal",greedy_temperature0_min_tokens_eq_max_tokens_ignore_eos,sharedlink-v3:formal_core_crossover_20260724:exact_fifo@rho0.8:rep4,False,TTFT and cached-token telemetry are live vLLM measurements; the state channel is real kernel networking (docker + tc HTB).,Current,54,0.0,0,0,84.96096962038428,72,0.8474479554753738,705.076698955511,0.0,32,50.61247023195028,55.61355686187744,77.4887318611145,0.5925925925925926,0.5925925925925926,0.0,0.0,30,13,0.001736111111111111,1.0,50432.0,0,0.0,0.0,2103.9195949814816,2436.103898,3760.559246,2828.765107,4253.013723,0,0.0,0.8,1038,False,False,0,72,0,0,72,33,7488,39,40.71551031054872,37.74908423423767,52.357563495635986,55.87365412712097,0.0,2112,1954,2254,0,405434,268121,262977,72,0,0,0,0,0,30,48.927
20260723_shared_link_live_v3_exact_fifo@rho0.5_rep4,shared_link_live_v3,hybrid_live_vllm_real_kernel_link,fe93be1c637430b0995c83f7084fb8fc9a4ccce5,/home/byh/.cache/modelscope/qwen/Qwen2.5-1.5B-Instruct,3x Tesla T4; Qwen2.5-1.5B-Instruct; one vLLM instance/GPU on host; docker gateway+tc state channel,exact_fifo@rho0.5,exact_fifo,64,104,4,5,20260723,6a5d67797cacbe905d52611440fc5f4436b56fad1ab10f0d866ea316fe8f7920,1.2,32,3,64,36,72,18,3,4,50000,200,60.0,8,4,0.5,50.0,2.0,3,"agg_static@rho1.2,agg_full@rho0.8,exact_fifo@rho0.8,exact_fifo@rho0.5,agg_static@rho0.5,agg_full@rho1.2,exact_fifo@rho1.2,agg_full@rho0.5,agg_static@rho0.8,ideal",greedy_temperature0_min_tokens_eq_max_tokens_ignore_eos,sharedlink-v3:formal_core_crossover_20260724:exact_fifo@rho0.5:rep4,False,TTFT and cached-token telemetry are live vLLM measurements; the state channel is real kernel networking (docker + tc HTB).,Current,54,0.0,0,0,92.27994519472122,72,0.780234533603935,649.1551319584739,0.16666666666666666,32,29.677498415112495,27.399906396865845,55.68632388114929,0.3333333333333333,0.3333333333333333,0.037037037037037035,0.0,30,30,0.004006410256410256,1.0,57104.0,0,0.0,45.333333333333336,2254.598423148148,2439.841159,5983.08439,2853.569785,6978.651786,0,0.0,0.5,1662,False,False,0,72,0,0,72,72,7488,0,14.477665566735798,15.229440212249756,27.56073784828186,30.302241563796997,0.0,2254,912,0,0,418874,273199,268121,72,0,0,0,0,0,15,0.581
20260723_shared_link_live_v3_agg_static@rho0.5_rep4,shared_link_live_v3,hybrid_live_vllm_real_kernel_link,fe93be1c637430b0995c83f7084fb8fc9a4ccce5,/home/byh/.cache/modelscope/qwen/Qwen2.5-1.5B-Instruct,3x Tesla T4; Qwen2.5-1.5B-Instruct; one vLLM instance/GPU on host; docker gateway+tc state channel,agg_static@rho0.5,agg_static,64,104,4,5,20260723,6a5d67797cacbe905d52611440fc5f4436b56fad1ab10f0d866ea316fe8f7920,1.2,32,3,64,36,72,18,3,4,50000,200,60.0,8,4,0.5,50.0,2.0,4,"agg_static@rho1.2,agg_full@rho0.8,exact_fifo@rho0.8,exact_fifo@rho0.5,agg_static@rho0.5,agg_full@rho1.2,exact_fifo@rho1.2,agg_full@rho0.5,agg_static@rho0.8,ideal",greedy_temperature0_min_tokens_eq_max_tokens_ignore_eos,sharedlink-v3:formal_core_crossover_20260724:agg_static@rho0.5:rep4,False,TTFT and cached-token telemetry are live vLLM measurements; the state channel is real kernel networking (docker + tc HTB).,Current,54,0.0,0,0,73.23506273329258,72,0.983135636303195,817.9688494042582,0.3333333333333333,32,9.24915274977684,6.844671010971069,20.300325393676758,0.037037037037037035,0.037037037037037035,0.018518518518518517,0.0,30,30,0.004006410256410256,1.0,71488.0,0,0.0,143.40740740740742,1712.5556843333334,1546.392703,2952.964186,2576.710183,3492.536005,0,0.0,0.5,1662,False,False,16,72,0,0,72,70,7488,2,1.9546829189573016,2.3572936058044434,3.764350414276123,4.317197799682617,0.0,0,390,0,0,431284,278079,273199,70,2,0,0,0,0,2,2.153
20260723_shared_link_live_v3_agg_full@rho1.2_rep4,shared_link_live_v3,hybrid_live_vllm_real_kernel_link,fe93be1c637430b0995c83f7084fb8fc9a4ccce5,/home/byh/.cache/modelscope/qwen/Qwen2.5-1.5B-Instruct,3x Tesla T4; Qwen2.5-1.5B-Instruct; one vLLM instance/GPU on host; docker gateway+tc state channel,agg_full@rho1.2,agg_full,64,104,4,5,20260723,6a5d67797cacbe905d52611440fc5f4436b56fad1ab10f0d866ea316fe8f7920,1.2,32,3,64,36,72,18,3,4,50000,200,60.0,8,4,0.5,50.0,2.0,5,"agg_static@rho1.2,agg_full@rho0.8,exact_fifo@rho0.8,exact_fifo@rho0.5,agg_static@rho0.5,agg_full@rho1.2,exact_fifo@rho1.2,agg_full@rho0.5,agg_static@rho0.8,ideal",greedy_temperature0_min_tokens_eq_max_tokens_ignore_eos,sharedlink-v3:formal_core_crossover_20260724:agg_full@rho1.2:rep4,False,TTFT and cached-token telemetry are live vLLM measurements; the state channel is real kernel networking (docker + tc HTB).,Current,54,0.0,0,0,87.23661372996867,72,0.8253415271581732,686.6841505956002,0.1111111111111111,32,50.70656171441078,58.697590827941895,80.47939801216125,0.4444444444444444,0.4444444444444444,0.018518518518518517,0.0,30,15,0.002003205128205128,1.0,54512.0,0,0.0,35.25925925925926,2275.3251474814815,2615.71579,3816.778867,3011.172052,4765.683789,0,0.0,1.2,692,False,False,16,72,0,0,72,35,7488,37,31.579052352905272,34.279666900634766,61.15480399131775,61.15528702735901,0.0,0,1602,1712,0,436326,283339,278079,,,,,,,,
20260723_shared_link_live_v3_exact_fifo@rho1.2_rep4,shared_link_live_v3,hybrid_live_vllm_real_kernel_link,fe93be1c637430b0995c83f7084fb8fc9a4ccce5,/home/byh/.cache/modelscope/qwen/Qwen2.5-1.5B-Instruct,3x Tesla T4; Qwen2.5-1.5B-Instruct; one vLLM instance/GPU on host; docker gateway+tc state channel,exact_fifo@rho1.2,exact_fifo,64,104,4,5,20260723,6a5d67797cacbe905d52611440fc5f4436b56fad1ab10f0d866ea316fe8f7920,1.2,32,3,64,36,72,18,3,4,50000,200,60.0,8,4,0.5,50.0,2.0,6,"agg_static@rho1.2,agg_full@rho0.8,exact_fifo@rho0.8,exact_fifo@rho0.5,agg_static@rho0.5,agg_full@rho1.2,exact_fifo@rho1.2,agg_full@rho0.5,agg_static@rho0.8,ideal",greedy_temperature0_min_tokens_eq_max_tokens_ignore_eos,sharedlink-v3:formal_core_crossover_20260724:exact_fifo@rho1.2:rep4,False,TTFT and cached-token telemetry are live vLLM measurements; the state channel is real kernel networking (docker + tc HTB).,Current,54,0.0,0,0,85.02783964201808,72,0.8467814812552272,704.5221924043491,0.1111111111111111,32,73.4019568413496,87.69427394866943,109.9994866847992,0.4444444444444444,0.4444444444444444,0.018518518518518517,0.0,30,14,0.0018696581196581197,1.0,55104.0,0,0.0,26.962962962962962,2055.2098587777778,2318.868107,3804.389406,2705.874028,4307.690585,0,0.0,1.2,692,False,False,0,72,0,0,72,36,7488,36,37.278229984972214,34.562084913253784,58.71600937843323,62.13162446022034,0.0,1712,1962,2440,0,442276,289271,283417,,,,,,,,
20260723_shared_link_live_v3_agg_full@rho0.5_rep4,shared_link_live_v3,hybrid_live_vllm_real_kernel_link,fe93be1c637430b0995c83f7084fb8fc9a4ccce5,/home/byh/.cache/modelscope/qwen/Qwen2.5-1.5B-Instruct,3x Tesla T4; Qwen2.5-1.5B-Instruct; one vLLM instance/GPU on host; docker gateway+tc state channel,agg_full@rho0.5,agg_full,64,104,4,5,20260723,6a5d67797cacbe905d52611440fc5f4436b56fad1ab10f0d866ea316fe8f7920,1.2,32,3,64,36,72,18,3,4,50000,200,60.0,8,4,0.5,50.0,2.0,7,"agg_static@rho1.2,agg_full@rho0.8,exact_fifo@rho0.8,exact_fifo@rho0.5,agg_static@rho0.5,agg_full@rho1.2,exact_fifo@rho1.2,agg_full@rho0.5,agg_static@rho0.8,ideal",greedy_temperature0_min_tokens_eq_max_tokens_ignore_eos,sharedlink-v3:formal_core_crossover_20260724:agg_full@rho0.5:rep4,False,TTFT and cached-token telemetry are live vLLM measurements; the state channel is real kernel networking (docker + tc HTB).,Current,54,0.0,0,0,83.24924805760384,72,0.8648726766898845,719.5740670059839,0.2962962962962963,32,20.03587158024311,13.48867416381836,46.60191321372986,0.18518518518518517,0.18518518518518517,0.037037037037037035,0.0,30,30,0.004006410256410256,1.0,71504.0,0,0.0,63.111111111111114,2026.7745734259258,2379.576618,3875.408171,2850.953482,4690.931492,0,0.0,0.5,1662,False,False,16,72,0,0,72,66,7488,6,7.335747487617262,7.9730119705200195,15.655150651931763,18.869901418685913,0.0,2440,456,0,0,454216,295205,289337,66,3,3,0,0,0,9,0.902
20260723_shared_link_live_v3_agg_static@rho0.8_rep4,shared_link_live_v3,hybrid_live_vllm_real_kernel_link,fe93be1c637430b0995c83f7084fb8fc9a4ccce5,/home/byh/.cache/modelscope/qwen/Qwen2.5-1.5B-Instruct,3x Tesla T4; Qwen2.5-1.5B-Instruct; one vLLM instance/GPU on host; docker gateway+tc state channel,agg_static@rho0.8,agg_static,64,104,4,5,20260723,6a5d67797cacbe905d52611440fc5f4436b56fad1ab10f0d866ea316fe8f7920,1.2,32,3,64,36,72,18,3,4,50000,200,60.0,8,4,0.5,50.0,2.0,8,"agg_static@rho1.2,agg_full@rho0.8,exact_fifo@rho0.8,exact_fifo@rho0.5,agg_static@rho0.5,agg_full@rho1.2,exact_fifo@rho1.2,agg_full@rho0.5,agg_static@rho0.8,ideal",greedy_temperature0_min_tokens_eq_max_tokens_ignore_eos,sharedlink-v3:formal_core_crossover_20260724:agg_static@rho0.8:rep4,False,TTFT and cached-token telemetry are live vLLM measurements; the state channel is real kernel networking (docker + tc HTB).,Current,54,0.0,0,0,79.894496191293,72,0.9011884852194193,749.7888197025568,0.18518518518518517,32,36.58344977349043,33.80387353897095,65.23884010314941,0.3333333333333333,0.3333333333333333,0.018518518518518517,0.0,30,24,0.003205128205128205,1.0,59616.0,0,0.0,53.629629629629626,2092.825021722222,2412.031126,3729.146494,2829.85627,4245.017121,0,0.0,0.8,1038,False,False,16,72,0,0,72,50,7488,22,17.843519668579102,18.184489727020264,32.040117025375366,32.04053592681885,0.0,0,2346,2270,0,461344,300217,295205,70,1,1,0,0,0,2,27.149
20260723_shared_link_live_v3_ideal_rep4,shared_link_live_v3,hybrid_live_vllm_real_kernel_link,fe93be1c637430b0995c83f7084fb8fc9a4ccce5,/home/byh/.cache/modelscope/qwen/Qwen2.5-1.5B-Instruct,3x Tesla T4; Qwen2.5-1.5B-Instruct; one vLLM instance/GPU on host; docker gateway+tc state channel,ideal,ideal,64,104,4,5,20260723,6a5d67797cacbe905d52611440fc5f4436b56fad1ab10f0d866ea316fe8f7920,1.2,32,3,64,36,72,18,3,4,50000,200,60.0,8,4,0.5,50.0,2.0,9,"agg_static@rho1.2,agg_full@rho0.8,exact_fifo@rho0.8,exact_fifo@rho0.5,agg_static@rho0.5,agg_full@rho1.2,exact_fifo@rho1.2,agg_full@rho0.5,agg_static@rho0.8,ideal",greedy_temperature0_min_tokens_eq_max_tokens_ignore_eos,sharedlink-v3:formal_core_crossover_20260724:ideal:rep4,False,TTFT and cached-token telemetry are live vLLM measurements; the state channel is real kernel networking (docker + tc HTB).,Current,54,0.0,0,0,71.95722193270922,72,1.0005944930354702,832.4946182055113,0.35185185185185186,32,4.615374110639095,3.8290138244628906,11.6916663646698,0.0,0.0,0.0,0.0,30,30,0.0,1.0,75568.0,0,0.0,155.55555555555554,1790.1526215555555,1449.323033,3523.680674,2679.754378,4339.680495,0,0.0,,,,,,,,,,,,,,,,,,,,,,,,,,,,,,,,
